SLCO1B1 Diplotype,Activity Score,Coded Diplotype/Phenotype Summary,EHR Priority Notation
*1/*1,n/a,SLCO1B1 Normal Function,Normal/Routine/Low Risk
*1/*2,n/a,SLCO1B1 Indeterminate,none
*1/*3,n/a,SLCO1B1 Indeterminate,none
*1/*4,n/a,SLCO1B1 Indeterminate,none
*1/*5,n/a,SLCO1B1 Decreased Function,Abnormal/Priority/High Risk
*1/*6,n/a,SLCO1B1 Indeterminate,none
*1/*7,n/a,SLCO1B1 Indeterminate,none
*1/*8,n/a,SLCO1B1 Indeterminate,none
*1/*9,n/a,SLCO1B1 Decreased Function,Abnormal/Priority/High Risk
*1/*10,n/a,SLCO1B1 Indeterminate,none
*1/*11,n/a,SLCO1B1 Indeterminate,none
*1/*12,n/a,SLCO1B1 Indeterminate,none
*1/*13,n/a,SLCO1B1 Indeterminate,none
*1/*14,n/a,SLCO1B1 Normal Function,Normal/Routine/Low Risk
*1/*15,n/a,SLCO1B1 Decreased Function,Abnormal/Priority/High Risk
*1/*16,n/a,SLCO1B1 Indeterminate,none
*1/*19,n/a,SLCO1B1 Indeterminate,none
*1/*20,n/a,SLCO1B1 Normal Function,Normal/Routine/Low Risk
*1/*23,n/a,SLCO1B1 Decreased Function,Abnormal/Priority/High Risk
*1/*24,n/a,SLCO1B1 Indeterminate,none
*1/*25,n/a,SLCO1B1 Indeterminate,none
*1/*26,n/a,SLCO1B1 Indeterminate,none
*1/*27,n/a,SLCO1B1 Indeterminate,none
*1/*28,n/a,SLCO1B1 Indeterminate,none
*1/*29,n/a,SLCO1B1 Indeterminate,none
*1/*30,n/a,SLCO1B1 Indeterminate,none
*1/*31,n/a,SLCO1B1 Decreased Function,Abnormal/Priority/High Risk
*1/*32,n/a,SLCO1B1 Indeterminate,none
*1/*33,n/a,SLCO1B1 Indeterminate,none
*1/*34,n/a,SLCO1B1 Indeterminate,none
*1/*36,n/a,SLCO1B1 Indeterminate,none
*1/*37,n/a,SLCO1B1 Normal Function,Normal/Routine/Low Risk
*1/*38,n/a,SLCO1B1 Indeterminate,none
*1/*39,n/a,SLCO1B1 Indeterminate,none
*1/*40,n/a,SLCO1B1 Indeterminate,none
*1/*41,n/a,SLCO1B1 Indeterminate,none
*1/*42,n/a,SLCO1B1 Indeterminate,none
*1/*43,n/a,SLCO1B1 Indeterminate,none
*1/*44,n/a,SLCO1B1 Indeterminate,none
*1/*45,n/a,SLCO1B1 Indeterminate,none
*1/*46,n/a,SLCO1B1 Decreased Function,Abnormal/Priority/High Risk
*1/*47,n/a,SLCO1B1 Decreased Function,Abnormal/Priority/High Risk
*1/*48,n/a,SLCO1B1 Decreased Function,Abnormal/Priority/High Risk
*1/*49,n/a,SLCO1B1 Decreased Function,Abnormal/Priority/High Risk
*2/*2,n/a,SLCO1B1 Indeterminate,none
*2/*3,n/a,SLCO1B1 Indeterminate,none
*2/*4,n/a,SLCO1B1 Indeterminate,none
*2/*5,n/a,SLCO1B1 Possible Decreased Function,Abnormal/Priority/High Risk
*2/*6,n/a,SLCO1B1 Indeterminate,none
*2/*7,n/a,SLCO1B1 Indeterminate,none
*2/*8,n/a,SLCO1B1 Indeterminate,none
*2/*9,n/a,SLCO1B1 Possible Decreased Function,Abnormal/Priority/High Risk
*2/*10,n/a,SLCO1B1 Indeterminate,none
*2/*11,n/a,SLCO1B1 Indeterminate,none
*2/*12,n/a,SLCO1B1 Indeterminate,none
*2/*13,n/a,SLCO1B1 Indeterminate,none
*2/*14,n/a,SLCO1B1 Indeterminate,none
*2/*15,n/a,SLCO1B1 Possible Decreased Function,Abnormal/Priority/High Risk
*2/*16,n/a,SLCO1B1 Indeterminate,none
*2/*19,n/a,SLCO1B1 Indeterminate,none
*2/*20,n/a,SLCO1B1 Indeterminate,none
*2/*23,n/a,SLCO1B1 Possible Decreased Function,Abnormal/Priority/High Risk
*2/*24,n/a,SLCO1B1 Indeterminate,none
*2/*25,n/a,SLCO1B1 Indeterminate,none
*2/*26,n/a,SLCO1B1 Indeterminate,none
*2/*27,n/a,SLCO1B1 Indeterminate,none
*2/*28,n/a,SLCO1B1 Indeterminate,none
*2/*29,n/a,SLCO1B1 Indeterminate,none
*2/*30,n/a,SLCO1B1 Indeterminate,none
*2/*31,n/a,SLCO1B1 Possible Decreased Function,Abnormal/Priority/High Risk
*2/*32,n/a,SLCO1B1 Indeterminate,none
*2/*33,n/a,SLCO1B1 Indeterminate,none
*2/*34,n/a,SLCO1B1 Indeterminate,none
*2/*36,n/a,SLCO1B1 Indeterminate,none
*2/*37,n/a,SLCO1B1 Indeterminate,none
*2/*38,n/a,SLCO1B1 Indeterminate,none
*2/*39,n/a,SLCO1B1 Indeterminate,none
*2/*40,n/a,SLCO1B1 Indeterminate,none
*2/*41,n/a,SLCO1B1 Indeterminate,none
*2/*42,n/a,SLCO1B1 Indeterminate,none
*2/*43,n/a,SLCO1B1 Indeterminate,none
*2/*44,n/a,SLCO1B1 Indeterminate,none
*2/*45,n/a,SLCO1B1 Indeterminate,none
*2/*46,n/a,SLCO1B1 Possible Decreased Function,Abnormal/Priority/High Risk
*2/*47,n/a,SLCO1B1 Possible Decreased Function,Abnormal/Priority/High Risk
*2/*48,n/a,SLCO1B1 Possible Decreased Function,Abnormal/Priority/High Risk
*2/*49,n/a,SLCO1B1 Possible Decreased Function,Abnormal/Priority/High Risk
*3/*3,n/a,SLCO1B1 Indeterminate,none
*3/*4,n/a,SLCO1B1 Indeterminate,none
*3/*5,n/a,SLCO1B1 Possible Decreased Function,Abnormal/Priority/High Risk
*3/*6,n/a,SLCO1B1 Indeterminate,none
*3/*7,n/a,SLCO1B1 Indeterminate,none
*3/*8,n/a,SLCO1B1 Indeterminate,none
*3/*9,n/a,SLCO1B1 Possible Decreased Function,Abnormal/Priority/High Risk
*3/*10,n/a,SLCO1B1 Indeterminate,none
*3/*11,n/a,SLCO1B1 Indeterminate,none
*3/*12,n/a,SLCO1B1 Indeterminate,none
*3/*13,n/a,SLCO1B1 Indeterminate,none
*3/*14,n/a,SLCO1B1 Indeterminate,none
*3/*15,n/a,SLCO1B1 Possible Decreased Function,Abnormal/Priority/High Risk
*3/*16,n/a,SLCO1B1 Indeterminate,none
*3/*19,n/a,SLCO1B1 Indeterminate,none
*3/*20,n/a,SLCO1B1 Indeterminate,none
*3/*23,n/a,SLCO1B1 Possible Decreased Function,Abnormal/Priority/High Risk
*3/*24,n/a,SLCO1B1 Indeterminate,none
*3/*25,n/a,SLCO1B1 Indeterminate,none
*3/*26,n/a,SLCO1B1 Indeterminate,none
*3/*27,n/a,SLCO1B1 Indeterminate,none
*3/*28,n/a,SLCO1B1 Indeterminate,none
*3/*29,n/a,SLCO1B1 Indeterminate,none
*3/*30,n/a,SLCO1B1 Indeterminate,none
*3/*31,n/a,SLCO1B1 Possible Decreased Function,Abnormal/Priority/High Risk
*3/*32,n/a,SLCO1B1 Indeterminate,none
*3/*33,n/a,SLCO1B1 Indeterminate,none
*3/*34,n/a,SLCO1B1 Indeterminate,none
*3/*36,n/a,SLCO1B1 Indeterminate,none
*3/*37,n/a,SLCO1B1 Indeterminate,none
*3/*38,n/a,SLCO1B1 Indeterminate,none
*3/*39,n/a,SLCO1B1 Indeterminate,none
*3/*40,n/a,SLCO1B1 Indeterminate,none
*3/*41,n/a,SLCO1B1 Indeterminate,none
*3/*42,n/a,SLCO1B1 Indeterminate,none
*3/*43,n/a,SLCO1B1 Indeterminate,none
*3/*44,n/a,SLCO1B1 Indeterminate,none
*3/*45,n/a,SLCO1B1 Indeterminate,none
*3/*46,n/a,SLCO1B1 Possible Decreased Function,Abnormal/Priority/High Risk
*3/*47,n/a,SLCO1B1 Possible Decreased Function,Abnormal/Priority/High Risk
*3/*48,n/a,SLCO1B1 Possible Decreased Function,Abnormal/Priority/High Risk
*3/*49,n/a,SLCO1B1 Possible Decreased Function,Abnormal/Priority/High Risk
*4/*4,n/a,SLCO1B1 Indeterminate,none
*4/*5,n/a,SLCO1B1 Possible Decreased Function,Abnormal/Priority/High Risk
*4/*6,n/a,SLCO1B1 Indeterminate,none
*4/*7,n/a,SLCO1B1 Indeterminate,none
*4/*8,n/a,SLCO1B1 Indeterminate,none
*4/*9,n/a,SLCO1B1 Possible Decreased Function,Abnormal/Priority/High Risk
*4/*10,n/a,SLCO1B1 Indeterminate,none
*4/*11,n/a,SLCO1B1 Indeterminate,none
*4/*12,n/a,SLCO1B1 Indeterminate,none
*4/*13,n/a,SLCO1B1 Indeterminate,none
*4/*14,n/a,SLCO1B1 Indeterminate,none
*4/*15,n/a,SLCO1B1 Possible Decreased Function,Abnormal/Priority/High Risk
*4/*16,n/a,SLCO1B1 Indeterminate,none
*4/*19,n/a,SLCO1B1 Indeterminate,none
*4/*20,n/a,SLCO1B1 Indeterminate,none
*4/*23,n/a,SLCO1B1 Possible Decreased Function,Abnormal/Priority/High Risk
*4/*24,n/a,SLCO1B1 Indeterminate,none
*4/*25,n/a,SLCO1B1 Indeterminate,none
*4/*26,n/a,SLCO1B1 Indeterminate,none
*4/*27,n/a,SLCO1B1 Indeterminate,none
*4/*28,n/a,SLCO1B1 Indeterminate,none
*4/*29,n/a,SLCO1B1 Indeterminate,none
*4/*30,n/a,SLCO1B1 Indeterminate,none
*4/*31,n/a,SLCO1B1 Possible Decreased Function,Abnormal/Priority/High Risk
*4/*32,n/a,SLCO1B1 Indeterminate,none
*4/*33,n/a,SLCO1B1 Indeterminate,none
*4/*34,n/a,SLCO1B1 Indeterminate,none
*4/*36,n/a,SLCO1B1 Indeterminate,none
*4/*37,n/a,SLCO1B1 Indeterminate,none
*4/*38,n/a,SLCO1B1 Indeterminate,none
*4/*39,n/a,SLCO1B1 Indeterminate,none
*4/*40,n/a,SLCO1B1 Indeterminate,none
*4/*41,n/a,SLCO1B1 Indeterminate,none
*4/*42,n/a,SLCO1B1 Indeterminate,none
*4/*43,n/a,SLCO1B1 Indeterminate,none
*4/*44,n/a,SLCO1B1 Indeterminate,none
*4/*45,n/a,SLCO1B1 Indeterminate,none
*4/*46,n/a,SLCO1B1 Possible Decreased Function,Abnormal/Priority/High Risk
*4/*47,n/a,SLCO1B1 Possible Decreased Function,Abnormal/Priority/High Risk
*4/*48,n/a,SLCO1B1 Possible Decreased Function,Abnormal/Priority/High Risk
*4/*49,n/a,SLCO1B1 Possible Decreased Function,Abnormal/Priority/High Risk
*5/*5,n/a,SLCO1B1 Poor Function,Abnormal/Priority/High Risk
*5/*6,n/a,SLCO1B1 Possible Decreased Function,Abnormal/Priority/High Risk
*5/*7,n/a,SLCO1B1 Possible Decreased Function,Abnormal/Priority/High Risk
*5/*8,n/a,SLCO1B1 Possible Decreased Function,Abnormal/Priority/High Risk
*5/*9,n/a,SLCO1B1 Poor Function,Abnormal/Priority/High Risk
*5/*10,n/a,SLCO1B1 Possible Decreased Function,Abnormal/Priority/High Risk
*5/*11,n/a,SLCO1B1 Possible Decreased Function,Abnormal/Priority/High Risk
*5/*12,n/a,SLCO1B1 Possible Decreased Function,Abnormal/Priority/High Risk
*5/*13,n/a,SLCO1B1 Possible Decreased Function,Abnormal/Priority/High Risk
*5/*14,n/a,SLCO1B1 Decreased Function,Abnormal/Priority/High Risk
*5/*15,n/a,SLCO1B1 Poor Function,Abnormal/Priority/High Risk
*5/*16,n/a,SLCO1B1 Possible Decreased Function,Abnormal/Priority/High Risk
*5/*19,n/a,SLCO1B1 Possible Decreased Function,Abnormal/Priority/High Risk
*5/*20,n/a,SLCO1B1 Decreased Function,Abnormal/Priority/High Risk
*5/*23,n/a,SLCO1B1 Poor Function,Abnormal/Priority/High Risk
*5/*24,n/a,SLCO1B1 Possible Decreased Function,Abnormal/Priority/High Risk
*5/*25,n/a,SLCO1B1 Possible Decreased Function,Abnormal/Priority/High Risk
*5/*26,n/a,SLCO1B1 Possible Decreased Function,Abnormal/Priority/High Risk
*5/*27,n/a,SLCO1B1 Possible Decreased Function,Abnormal/Priority/High Risk
*5/*28,n/a,SLCO1B1 Possible Decreased Function,Abnormal/Priority/High Risk
*5/*29,n/a,SLCO1B1 Possible Decreased Function,Abnormal/Priority/High Risk
*5/*30,n/a,SLCO1B1 Possible Decreased Function,Abnormal/Priority/High Risk
*5/*31,n/a,SLCO1B1 Poor Function,Abnormal/Priority/High Risk
*5/*32,n/a,SLCO1B1 Possible Decreased Function,Abnormal/Priority/High Risk
*5/*33,n/a,SLCO1B1 Possible Decreased Function,Abnormal/Priority/High Risk
*5/*34,n/a,SLCO1B1 Possible Decreased Function,Abnormal/Priority/High Risk
*5/*36,n/a,SLCO1B1 Possible Decreased Function,Abnormal/Priority/High Risk
*5/*37,n/a,SLCO1B1 Decreased Function,Abnormal/Priority/High Risk
*5/*38,n/a,SLCO1B1 Possible Decreased Function,Abnormal/Priority/High Risk
*5/*39,n/a,SLCO1B1 Possible Decreased Function,Abnormal/Priority/High Risk
*5/*40,n/a,SLCO1B1 Possible Decreased Function,Abnormal/Priority/High Risk
*5/*41,n/a,SLCO1B1 Possible Decreased Function,Abnormal/Priority/High Risk
*5/*42,n/a,SLCO1B1 Possible Decreased Function,Abnormal/Priority/High Risk
*5/*43,n/a,SLCO1B1 Possible Decreased Function,Abnormal/Priority/High Risk
*5/*44,n/a,SLCO1B1 Possible Decreased Function,Abnormal/Priority/High Risk
*5/*45,n/a,SLCO1B1 Possible Decreased Function,Abnormal/Priority/High Risk
*5/*46,n/a,SLCO1B1 Poor Function,Abnormal/Priority/High Risk
*5/*47,n/a,SLCO1B1 Poor Function,Abnormal/Priority/High Risk
*5/*48,n/a,SLCO1B1 Poor Function,Abnormal/Priority/High Risk
*5/*49,n/a,SLCO1B1 Poor Function,Abnormal/Priority/High Risk
*6/*6,n/a,SLCO1B1 Indeterminate,none
*6/*7,n/a,SLCO1B1 Indeterminate,none
*6/*8,n/a,SLCO1B1 Indeterminate,none
*6/*9,n/a,SLCO1B1 Possible Decreased Function,Abnormal/Priority/High Risk
*6/*10,n/a,SLCO1B1 Indeterminate,none
*6/*11,n/a,SLCO1B1 Indeterminate,none
*6/*12,n/a,SLCO1B1 Indeterminate,none
*6/*13,n/a,SLCO1B1 Indeterminate,none
*6/*14,n/a,SLCO1B1 Indeterminate,none
*6/*15,n/a,SLCO1B1 Possible Decreased Function,Abnormal/Priority/High Risk
*6/*16,n/a,SLCO1B1 Indeterminate,none
*6/*19,n/a,SLCO1B1 Indeterminate,none
*6/*20,n/a,SLCO1B1 Indeterminate,none
*6/*23,n/a,SLCO1B1 Possible Decreased Function,Abnormal/Priority/High Risk
*6/*24,n/a,SLCO1B1 Indeterminate,none
*6/*25,n/a,SLCO1B1 Indeterminate,none
*6/*26,n/a,SLCO1B1 Indeterminate,none
*6/*27,n/a,SLCO1B1 Indeterminate,none
*6/*28,n/a,SLCO1B1 Indeterminate,none
*6/*29,n/a,SLCO1B1 Indeterminate,none
*6/*30,n/a,SLCO1B1 Indeterminate,none
*6/*31,n/a,SLCO1B1 Possible Decreased Function,Abnormal/Priority/High Risk
*6/*32,n/a,SLCO1B1 Indeterminate,none
*6/*33,n/a,SLCO1B1 Indeterminate,none
*6/*34,n/a,SLCO1B1 Indeterminate,none
*6/*36,n/a,SLCO1B1 Indeterminate,none
*6/*37,n/a,SLCO1B1 Indeterminate,none
*6/*38,n/a,SLCO1B1 Indeterminate,none
*6/*39,n/a,SLCO1B1 Indeterminate,none
*6/*40,n/a,SLCO1B1 Indeterminate,none
*6/*41,n/a,SLCO1B1 Indeterminate,none
*6/*42,n/a,SLCO1B1 Indeterminate,none
*6/*43,n/a,SLCO1B1 Indeterminate,none
*6/*44,n/a,SLCO1B1 Indeterminate,none
*6/*45,n/a,SLCO1B1 Indeterminate,none
*6/*46,n/a,SLCO1B1 Possible Decreased Function,Abnormal/Priority/High Risk
*6/*47,n/a,SLCO1B1 Possible Decreased Function,Abnormal/Priority/High Risk
*6/*48,n/a,SLCO1B1 Possible Decreased Function,Abnormal/Priority/High Risk
*6/*49,n/a,SLCO1B1 Possible Decreased Function,Abnormal/Priority/High Risk
*7/*7,n/a,SLCO1B1 Indeterminate,none
*7/*8,n/a,SLCO1B1 Indeterminate,none
*7/*9,n/a,SLCO1B1 Possible Decreased Function,Abnormal/Priority/High Risk
*7/*10,n/a,SLCO1B1 Indeterminate,none
*7/*11,n/a,SLCO1B1 Indeterminate,none
*7/*12,n/a,SLCO1B1 Indeterminate,none
*7/*13,n/a,SLCO1B1 Indeterminate,none
*7/*14,n/a,SLCO1B1 Indeterminate,none
*7/*15,n/a,SLCO1B1 Possible Decreased Function,Abnormal/Priority/High Risk
*7/*16,n/a,SLCO1B1 Indeterminate,none
*7/*19,n/a,SLCO1B1 Indeterminate,none
*7/*20,n/a,SLCO1B1 Indeterminate,none
*7/*23,n/a,SLCO1B1 Possible Decreased Function,Abnormal/Priority/High Risk
*7/*24,n/a,SLCO1B1 Indeterminate,none
*7/*25,n/a,SLCO1B1 Indeterminate,none
*7/*26,n/a,SLCO1B1 Indeterminate,none
*7/*27,n/a,SLCO1B1 Indeterminate,none
*7/*28,n/a,SLCO1B1 Indeterminate,none
*7/*29,n/a,SLCO1B1 Indeterminate,none
*7/*30,n/a,SLCO1B1 Indeterminate,none
*7/*31,n/a,SLCO1B1 Possible Decreased Function,Abnormal/Priority/High Risk
*7/*32,n/a,SLCO1B1 Indeterminate,none
*7/*33,n/a,SLCO1B1 Indeterminate,none
*7/*34,n/a,SLCO1B1 Indeterminate,none
*7/*36,n/a,SLCO1B1 Indeterminate,none
*7/*37,n/a,SLCO1B1 Indeterminate,none
*7/*38,n/a,SLCO1B1 Indeterminate,none
*7/*39,n/a,SLCO1B1 Indeterminate,none
*7/*40,n/a,SLCO1B1 Indeterminate,none
*7/*41,n/a,SLCO1B1 Indeterminate,none
*7/*42,n/a,SLCO1B1 Indeterminate,none
*7/*43,n/a,SLCO1B1 Indeterminate,none
*7/*44,n/a,SLCO1B1 Indeterminate,none
*7/*45,n/a,SLCO1B1 Indeterminate,none
*7/*46,n/a,SLCO1B1 Possible Decreased Function,Abnormal/Priority/High Risk
*7/*47,n/a,SLCO1B1 Possible Decreased Function,Abnormal/Priority/High Risk
*7/*48,n/a,SLCO1B1 Possible Decreased Function,Abnormal/Priority/High Risk
*7/*49,n/a,SLCO1B1 Possible Decreased Function,Abnormal/Priority/High Risk
*8/*8,n/a,SLCO1B1 Indeterminate,none
*8/*9,n/a,SLCO1B1 Possible Decreased Function,Abnormal/Priority/High Risk
*8/*10,n/a,SLCO1B1 Indeterminate,none
*8/*11,n/a,SLCO1B1 Indeterminate,none
*8/*12,n/a,SLCO1B1 Indeterminate,none
*8/*13,n/a,SLCO1B1 Indeterminate,none
*8/*14,n/a,SLCO1B1 Indeterminate,none
*8/*15,n/a,SLCO1B1 Possible Decreased Function,Abnormal/Priority/High Risk
*8/*16,n/a,SLCO1B1 Indeterminate,none
*8/*19,n/a,SLCO1B1 Indeterminate,none
*8/*20,n/a,SLCO1B1 Indeterminate,none
*8/*23,n/a,SLCO1B1 Possible Decreased Function,Abnormal/Priority/High Risk
*8/*24,n/a,SLCO1B1 Indeterminate,none
*8/*25,n/a,SLCO1B1 Indeterminate,none
*8/*26,n/a,SLCO1B1 Indeterminate,none
*8/*27,n/a,SLCO1B1 Indeterminate,none
*8/*28,n/a,SLCO1B1 Indeterminate,none
*8/*29,n/a,SLCO1B1 Indeterminate,none
*8/*30,n/a,SLCO1B1 Indeterminate,none
*8/*31,n/a,SLCO1B1 Possible Decreased Function,Abnormal/Priority/High Risk
*8/*32,n/a,SLCO1B1 Indeterminate,none
*8/*33,n/a,SLCO1B1 Indeterminate,none
*8/*34,n/a,SLCO1B1 Indeterminate,none
*8/*36,n/a,SLCO1B1 Indeterminate,none
*8/*37,n/a,SLCO1B1 Indeterminate,none
*8/*38,n/a,SLCO1B1 Indeterminate,none
*8/*39,n/a,SLCO1B1 Indeterminate,none
*8/*40,n/a,SLCO1B1 Indeterminate,none
*8/*41,n/a,SLCO1B1 Indeterminate,none
*8/*42,n/a,SLCO1B1 Indeterminate,none
*8/*43,n/a,SLCO1B1 Indeterminate,none
*8/*44,n/a,SLCO1B1 Indeterminate,none
*8/*45,n/a,SLCO1B1 Indeterminate,none
*8/*46,n/a,SLCO1B1 Possible Decreased Function,Abnormal/Priority/High Risk
*8/*47,n/a,SLCO1B1 Possible Decreased Function,Abnormal/Priority/High Risk
*8/*48,n/a,SLCO1B1 Possible Decreased Function,Abnormal/Priority/High Risk
*8/*49,n/a,SLCO1B1 Possible Decreased Function,Abnormal/Priority/High Risk
*9/*9,n/a,SLCO1B1 Poor Function,Abnormal/Priority/High Risk
*9/*10,n/a,SLCO1B1 Possible Decreased Function,Abnormal/Priority/High Risk
*9/*11,n/a,SLCO1B1 Possible Decreased Function,Abnormal/Priority/High Risk
*9/*12,n/a,SLCO1B1 Possible Decreased Function,Abnormal/Priority/High Risk
*9/*13,n/a,SLCO1B1 Possible Decreased Function,Abnormal/Priority/High Risk
*9/*14,n/a,SLCO1B1 Decreased Function,Abnormal/Priority/High Risk
*9/*15,n/a,SLCO1B1 Poor Function,Abnormal/Priority/High Risk
*9/*16,n/a,SLCO1B1 Possible Decreased Function,Abnormal/Priority/High Risk
*9/*19,n/a,SLCO1B1 Possible Decreased Function,Abnormal/Priority/High Risk
*9/*20,n/a,SLCO1B1 Decreased Function,Abnormal/Priority/High Risk
*9/*23,n/a,SLCO1B1 Poor Function,Abnormal/Priority/High Risk
*9/*24,n/a,SLCO1B1 Possible Decreased Function,Abnormal/Priority/High Risk
*9/*25,n/a,SLCO1B1 Possible Decreased Function,Abnormal/Priority/High Risk
*9/*26,n/a,SLCO1B1 Possible Decreased Function,Abnormal/Priority/High Risk
*9/*27,n/a,SLCO1B1 Possible Decreased Function,Abnormal/Priority/High Risk
*9/*28,n/a,SLCO1B1 Possible Decreased Function,Abnormal/Priority/High Risk
*9/*29,n/a,SLCO1B1 Possible Decreased Function,Abnormal/Priority/High Risk
*9/*30,n/a,SLCO1B1 Possible Decreased Function,Abnormal/Priority/High Risk
*9/*31,n/a,SLCO1B1 Poor Function,Abnormal/Priority/High Risk
*9/*32,n/a,SLCO1B1 Possible Decreased Function,Abnormal/Priority/High Risk
*9/*33,n/a,SLCO1B1 Possible Decreased Function,Abnormal/Priority/High Risk
*9/*34,n/a,SLCO1B1 Possible Decreased Function,Abnormal/Priority/High Risk
*9/*36,n/a,SLCO1B1 Possible Decreased Function,Abnormal/Priority/High Risk
*9/*37,n/a,SLCO1B1 Decreased Function,Abnormal/Priority/High Risk
*9/*38,n/a,SLCO1B1 Possible Decreased Function,Abnormal/Priority/High Risk
*9/*39,n/a,SLCO1B1 Possible Decreased Function,Abnormal/Priority/High Risk
*9/*40,n/a,SLCO1B1 Possible Decreased Function,Abnormal/Priority/High Risk
*9/*41,n/a,SLCO1B1 Possible Decreased Function,Abnormal/Priority/High Risk
*9/*42,n/a,SLCO1B1 Possible Decreased Function,Abnormal/Priority/High Risk
*9/*43,n/a,SLCO1B1 Possible Decreased Function,Abnormal/Priority/High Risk
*9/*44,n/a,SLCO1B1 Possible Decreased Function,Abnormal/Priority/High Risk
*9/*45,n/a,SLCO1B1 Possible Decreased Function,Abnormal/Priority/High Risk
*9/*46,n/a,SLCO1B1 Poor Function,Abnormal/Priority/High Risk
*9/*47,n/a,SLCO1B1 Poor Function,Abnormal/Priority/High Risk
*9/*48,n/a,SLCO1B1 Poor Function,Abnormal/Priority/High Risk
*9/*49,n/a,SLCO1B1 Poor Function,Abnormal/Priority/High Risk
*10/*10,n/a,SLCO1B1 Indeterminate,none
*10/*11,n/a,SLCO1B1 Indeterminate,none
*10/*12,n/a,SLCO1B1 Indeterminate,none
*10/*13,n/a,SLCO1B1 Indeterminate,none
*10/*14,n/a,SLCO1B1 Indeterminate,none
*10/*15,n/a,SLCO1B1 Possible Decreased Function,Abnormal/Priority/High Risk
*10/*16,n/a,SLCO1B1 Indeterminate,none
*10/*19,n/a,SLCO1B1 Indeterminate,none
*10/*20,n/a,SLCO1B1 Indeterminate,none
*10/*23,n/a,SLCO1B1 Possible Decreased Function,Abnormal/Priority/High Risk
*10/*24,n/a,SLCO1B1 Indeterminate,none
*10/*25,n/a,SLCO1B1 Indeterminate,none
*10/*26,n/a,SLCO1B1 Indeterminate,none
*10/*27,n/a,SLCO1B1 Indeterminate,none
*10/*28,n/a,SLCO1B1 Indeterminate,none
*10/*29,n/a,SLCO1B1 Indeterminate,none
*10/*30,n/a,SLCO1B1 Indeterminate,none
*10/*31,n/a,SLCO1B1 Possible Decreased Function,Abnormal/Priority/High Risk
*10/*32,n/a,SLCO1B1 Indeterminate,none
*10/*33,n/a,SLCO1B1 Indeterminate,none
*10/*34,n/a,SLCO1B1 Indeterminate,none
*10/*36,n/a,SLCO1B1 Indeterminate,none
*10/*37,n/a,SLCO1B1 Indeterminate,none
*10/*38,n/a,SLCO1B1 Indeterminate,none
*10/*39,n/a,SLCO1B1 Indeterminate,none
*10/*40,n/a,SLCO1B1 Indeterminate,none
*10/*41,n/a,SLCO1B1 Indeterminate,none
*10/*42,n/a,SLCO1B1 Indeterminate,none
*10/*43,n/a,SLCO1B1 Indeterminate,none
*10/*44,n/a,SLCO1B1 Indeterminate,none
*10/*45,n/a,SLCO1B1 Indeterminate,none
*10/*46,n/a,SLCO1B1 Possible Decreased Function,Abnormal/Priority/High Risk
*10/*47,n/a,SLCO1B1 Possible Decreased Function,Abnormal/Priority/High Risk
*10/*48,n/a,SLCO1B1 Possible Decreased Function,Abnormal/Priority/High Risk
*10/*49,n/a,SLCO1B1 Possible Decreased Function,Abnormal/Priority/High Risk
*11/*11,n/a,SLCO1B1 Indeterminate,none
*11/*12,n/a,SLCO1B1 Indeterminate,none
*11/*13,n/a,SLCO1B1 Indeterminate,none
*11/*14,n/a,SLCO1B1 Indeterminate,none
*11/*15,n/a,SLCO1B1 Possible Decreased Function,Abnormal/Priority/High Risk
*11/*16,n/a,SLCO1B1 Indeterminate,none
*11/*19,n/a,SLCO1B1 Indeterminate,none
*11/*20,n/a,SLCO1B1 Indeterminate,none
*11/*23,n/a,SLCO1B1 Possible Decreased Function,Abnormal/Priority/High Risk
*11/*24,n/a,SLCO1B1 Indeterminate,none
*11/*25,n/a,SLCO1B1 Indeterminate,none
*11/*26,n/a,SLCO1B1 Indeterminate,none
*11/*27,n/a,SLCO1B1 Indeterminate,none
*11/*28,n/a,SLCO1B1 Indeterminate,none
*11/*29,n/a,SLCO1B1 Indeterminate,none
*11/*30,n/a,SLCO1B1 Indeterminate,none
*11/*31,n/a,SLCO1B1 Possible Decreased Function,Abnormal/Priority/High Risk
*11/*32,n/a,SLCO1B1 Indeterminate,none
*11/*33,n/a,SLCO1B1 Indeterminate,none
*11/*34,n/a,SLCO1B1 Indeterminate,none
*11/*36,n/a,SLCO1B1 Indeterminate,none
*11/*37,n/a,SLCO1B1 Indeterminate,none
*11/*38,n/a,SLCO1B1 Indeterminate,none
*11/*39,n/a,SLCO1B1 Indeterminate,none
*11/*40,n/a,SLCO1B1 Indeterminate,none
*11/*41,n/a,SLCO1B1 Indeterminate,none
*11/*42,n/a,SLCO1B1 Indeterminate,none
*11/*43,n/a,SLCO1B1 Indeterminate,none
*11/*44,n/a,SLCO1B1 Indeterminate,none
*11/*45,n/a,SLCO1B1 Indeterminate,none
*11/*46,n/a,SLCO1B1 Possible Decreased Function,Abnormal/Priority/High Risk
*11/*47,n/a,SLCO1B1 Possible Decreased Function,Abnormal/Priority/High Risk
*11/*48,n/a,SLCO1B1 Possible Decreased Function,Abnormal/Priority/High Risk
*11/*49,n/a,SLCO1B1 Possible Decreased Function,Abnormal/Priority/High Risk
*12/*12,n/a,SLCO1B1 Indeterminate,none
*12/*13,n/a,SLCO1B1 Indeterminate,none
*12/*14,n/a,SLCO1B1 Indeterminate,none
*12/*15,n/a,SLCO1B1 Possible Decreased Function,Abnormal/Priority/High Risk
*12/*16,n/a,SLCO1B1 Indeterminate,none
*12/*19,n/a,SLCO1B1 Indeterminate,none
*12/*20,n/a,SLCO1B1 Indeterminate,none
*12/*23,n/a,SLCO1B1 Possible Decreased Function,Abnormal/Priority/High Risk
*12/*24,n/a,SLCO1B1 Indeterminate,none
*12/*25,n/a,SLCO1B1 Indeterminate,none
*12/*26,n/a,SLCO1B1 Indeterminate,none
*12/*27,n/a,SLCO1B1 Indeterminate,none
*12/*28,n/a,SLCO1B1 Indeterminate,none
*12/*29,n/a,SLCO1B1 Indeterminate,none
*12/*30,n/a,SLCO1B1 Indeterminate,none
*12/*31,n/a,SLCO1B1 Possible Decreased Function,Abnormal/Priority/High Risk
*12/*32,n/a,SLCO1B1 Indeterminate,none
*12/*33,n/a,SLCO1B1 Indeterminate,none
*12/*34,n/a,SLCO1B1 Indeterminate,none
*12/*36,n/a,SLCO1B1 Indeterminate,none
*12/*37,n/a,SLCO1B1 Indeterminate,none
*12/*38,n/a,SLCO1B1 Indeterminate,none
*12/*39,n/a,SLCO1B1 Indeterminate,none
*12/*40,n/a,SLCO1B1 Indeterminate,none
*12/*41,n/a,SLCO1B1 Indeterminate,none
*12/*42,n/a,SLCO1B1 Indeterminate,none
*12/*43,n/a,SLCO1B1 Indeterminate,none
*12/*44,n/a,SLCO1B1 Indeterminate,none
*12/*45,n/a,SLCO1B1 Indeterminate,none
*12/*46,n/a,SLCO1B1 Possible Decreased Function,Abnormal/Priority/High Risk
*12/*47,n/a,SLCO1B1 Possible Decreased Function,Abnormal/Priority/High Risk
*12/*48,n/a,SLCO1B1 Possible Decreased Function,Abnormal/Priority/High Risk
*12/*49,n/a,SLCO1B1 Possible Decreased Function,Abnormal/Priority/High Risk
*13/*13,n/a,SLCO1B1 Indeterminate,none
*13/*14,n/a,SLCO1B1 Indeterminate,none
*13/*15,n/a,SLCO1B1 Possible Decreased Function,Abnormal/Priority/High Risk
*13/*16,n/a,SLCO1B1 Indeterminate,none
*13/*19,n/a,SLCO1B1 Indeterminate,none
*13/*20,n/a,SLCO1B1 Indeterminate,none
*13/*23,n/a,SLCO1B1 Possible Decreased Function,Abnormal/Priority/High Risk
*13/*24,n/a,SLCO1B1 Indeterminate,none
*13/*25,n/a,SLCO1B1 Indeterminate,none
*13/*26,n/a,SLCO1B1 Indeterminate,none
*13/*27,n/a,SLCO1B1 Indeterminate,none
*13/*28,n/a,SLCO1B1 Indeterminate,none
*13/*29,n/a,SLCO1B1 Indeterminate,none
*13/*30,n/a,SLCO1B1 Indeterminate,none
*13/*31,n/a,SLCO1B1 Possible Decreased Function,Abnormal/Priority/High Risk
*13/*32,n/a,SLCO1B1 Indeterminate,none
*13/*33,n/a,SLCO1B1 Indeterminate,none
*13/*34,n/a,SLCO1B1 Indeterminate,none
*13/*36,n/a,SLCO1B1 Indeterminate,none
*13/*37,n/a,SLCO1B1 Indeterminate,none
*13/*38,n/a,SLCO1B1 Indeterminate,none
*13/*39,n/a,SLCO1B1 Indeterminate,none
*13/*40,n/a,SLCO1B1 Indeterminate,none
*13/*41,n/a,SLCO1B1 Indeterminate,none
*13/*42,n/a,SLCO1B1 Indeterminate,none
*13/*43,n/a,SLCO1B1 Indeterminate,none
*13/*44,n/a,SLCO1B1 Indeterminate,none
*13/*45,n/a,SLCO1B1 Indeterminate,none
*13/*46,n/a,SLCO1B1 Possible Decreased Function,Abnormal/Priority/High Risk
*13/*47,n/a,SLCO1B1 Possible Decreased Function,Abnormal/Priority/High Risk
*13/*48,n/a,SLCO1B1 Possible Decreased Function,Abnormal/Priority/High Risk
*13/*49,n/a,SLCO1B1 Possible Decreased Function,Abnormal/Priority/High Risk
*14/*14,n/a,SLCO1B1 Increased Function,Normal/Routine/Low Risk
*14/*15,n/a,SLCO1B1 Decreased Function,Abnormal/Priority/High Risk
*14/*16,n/a,SLCO1B1 Indeterminate,none
*14/*19,n/a,SLCO1B1 Indeterminate,none
*14/*20,n/a,SLCO1B1 Increased Function,Normal/Routine/Low Risk
*14/*23,n/a,SLCO1B1 Decreased Function,Abnormal/Priority/High Risk
*14/*24,n/a,SLCO1B1 Indeterminate,none
*14/*25,n/a,SLCO1B1 Indeterminate,none
*14/*26,n/a,SLCO1B1 Indeterminate,none
*14/*27,n/a,SLCO1B1 Indeterminate,none
*14/*28,n/a,SLCO1B1 Indeterminate,none
*14/*29,n/a,SLCO1B1 Indeterminate,none
*14/*30,n/a,SLCO1B1 Indeterminate,none
*14/*31,n/a,SLCO1B1 Decreased Function,Abnormal/Priority/High Risk
*14/*32,n/a,SLCO1B1 Indeterminate,none
*14/*33,n/a,SLCO1B1 Indeterminate,none
*14/*34,n/a,SLCO1B1 Indeterminate,none
*14/*36,n/a,SLCO1B1 Indeterminate,none
*14/*37,n/a,SLCO1B1 Normal Function,Normal/Routine/Low Risk
*14/*38,n/a,SLCO1B1 Indeterminate,none
*14/*39,n/a,SLCO1B1 Indeterminate,none
*14/*40,n/a,SLCO1B1 Indeterminate,none
*14/*41,n/a,SLCO1B1 Indeterminate,none
*14/*42,n/a,SLCO1B1 Indeterminate,none
*14/*43,n/a,SLCO1B1 Indeterminate,none
*14/*44,n/a,SLCO1B1 Indeterminate,none
*14/*45,n/a,SLCO1B1 Indeterminate,none
*14/*46,n/a,SLCO1B1 Decreased Function,Abnormal/Priority/High Risk
*14/*47,n/a,SLCO1B1 Decreased Function,Abnormal/Priority/High Risk
*14/*48,n/a,SLCO1B1 Decreased Function,Abnormal/Priority/High Risk
*14/*49,n/a,SLCO1B1 Decreased Function,Abnormal/Priority/High Risk
*15/*15,n/a,SLCO1B1 Poor Function,Abnormal/Priority/High Risk
*15/*16,n/a,SLCO1B1 Possible Decreased Function,Abnormal/Priority/High Risk
*15/*19,n/a,SLCO1B1 Possible Decreased Function,Abnormal/Priority/High Risk
*15/*20,n/a,SLCO1B1 Decreased Function,Abnormal/Priority/High Risk
*15/*23,n/a,SLCO1B1 Poor Function,Abnormal/Priority/High Risk
*15/*24,n/a,SLCO1B1 Possible Decreased Function,Abnormal/Priority/High Risk
*15/*25,n/a,SLCO1B1 Possible Decreased Function,Abnormal/Priority/High Risk
*15/*26,n/a,SLCO1B1 Possible Decreased Function,Abnormal/Priority/High Risk
*15/*27,n/a,SLCO1B1 Possible Decreased Function,Abnormal/Priority/High Risk
*15/*28,n/a,SLCO1B1 Possible Decreased Function,Abnormal/Priority/High Risk
*15/*29,n/a,SLCO1B1 Possible Decreased Function,Abnormal/Priority/High Risk
*15/*30,n/a,SLCO1B1 Possible Decreased Function,Abnormal/Priority/High Risk
*15/*31,n/a,SLCO1B1 Poor Function,Abnormal/Priority/High Risk
*15/*32,n/a,SLCO1B1 Possible Decreased Function,Abnormal/Priority/High Risk
*15/*33,n/a,SLCO1B1 Possible Decreased Function,Abnormal/Priority/High Risk
*15/*34,n/a,SLCO1B1 Possible Decreased Function,Abnormal/Priority/High Risk
*15/*36,n/a,SLCO1B1 Possible Decreased Function,Abnormal/Priority/High Risk
*15/*37,n/a,SLCO1B1 Decreased Function,Abnormal/Priority/High Risk
*15/*38,n/a,SLCO1B1 Possible Decreased Function,Abnormal/Priority/High Risk
*15/*39,n/a,SLCO1B1 Possible Decreased Function,Abnormal/Priority/High Risk
*15/*40,n/a,SLCO1B1 Possible Decreased Function,Abnormal/Priority/High Risk
*15/*41,n/a,SLCO1B1 Possible Decreased Function,Abnormal/Priority/High Risk
*15/*42,n/a,SLCO1B1 Possible Decreased Function,Abnormal/Priority/High Risk
*15/*43,n/a,SLCO1B1 Possible Decreased Function,Abnormal/Priority/High Risk
*15/*44,n/a,SLCO1B1 Possible Decreased Function,Abnormal/Priority/High Risk
*15/*45,n/a,SLCO1B1 Possible Decreased Function,Abnormal/Priority/High Risk
*15/*46,n/a,SLCO1B1 Poor Function,Abnormal/Priority/High Risk
*15/*47,n/a,SLCO1B1 Poor Function,Abnormal/Priority/High Risk
*15/*48,n/a,SLCO1B1 Poor Function,Abnormal/Priority/High Risk
*15/*49,n/a,SLCO1B1 Poor Function,Abnormal/Priority/High Risk
*16/*16,n/a,SLCO1B1 Indeterminate,none
*16/*19,n/a,SLCO1B1 Indeterminate,none
*16/*20,n/a,SLCO1B1 Indeterminate,none
*16/*23,n/a,SLCO1B1 Possible Decreased Function,Abnormal/Priority/High Risk
*16/*24,n/a,SLCO1B1 Indeterminate,none
*16/*25,n/a,SLCO1B1 Indeterminate,none
*16/*26,n/a,SLCO1B1 Indeterminate,none
*16/*27,n/a,SLCO1B1 Indeterminate,none
*16/*28,n/a,SLCO1B1 Indeterminate,none
*16/*29,n/a,SLCO1B1 Indeterminate,none
*16/*30,n/a,SLCO1B1 Indeterminate,none
*16/*31,n/a,SLCO1B1 Possible Decreased Function,Abnormal/Priority/High Risk
*16/*32,n/a,SLCO1B1 Indeterminate,none
*16/*33,n/a,SLCO1B1 Indeterminate,none
*16/*34,n/a,SLCO1B1 Indeterminate,none
*16/*36,n/a,SLCO1B1 Indeterminate,none
*16/*37,n/a,SLCO1B1 Indeterminate,none
*16/*38,n/a,SLCO1B1 Indeterminate,none
*16/*39,n/a,SLCO1B1 Indeterminate,none
*16/*40,n/a,SLCO1B1 Indeterminate,none
*16/*41,n/a,SLCO1B1 Indeterminate,none
*16/*42,n/a,SLCO1B1 Indeterminate,none
*16/*43,n/a,SLCO1B1 Indeterminate,none
*16/*44,n/a,SLCO1B1 Indeterminate,none
*16/*45,n/a,SLCO1B1 Indeterminate,none
*16/*46,n/a,SLCO1B1 Possible Decreased Function,Abnormal/Priority/High Risk
*16/*47,n/a,SLCO1B1 Possible Decreased Function,Abnormal/Priority/High Risk
*16/*48,n/a,SLCO1B1 Possible Decreased Function,Abnormal/Priority/High Risk
*16/*49,n/a,SLCO1B1 Possible Decreased Function,Abnormal/Priority/High Risk
*19/*19,n/a,SLCO1B1 Indeterminate,none
*19/*20,n/a,SLCO1B1 Indeterminate,none
*19/*23,n/a,SLCO1B1 Possible Decreased Function,Abnormal/Priority/High Risk
*19/*24,n/a,SLCO1B1 Indeterminate,none
*19/*25,n/a,SLCO1B1 Indeterminate,none
*19/*26,n/a,SLCO1B1 Indeterminate,none
*19/*27,n/a,SLCO1B1 Indeterminate,none
*19/*28,n/a,SLCO1B1 Indeterminate,none
*19/*29,n/a,SLCO1B1 Indeterminate,none
*19/*30,n/a,SLCO1B1 Indeterminate,none
*19/*31,n/a,SLCO1B1 Possible Decreased Function,Abnormal/Priority/High Risk
*19/*32,n/a,SLCO1B1 Indeterminate,none
*19/*33,n/a,SLCO1B1 Indeterminate,none
*19/*34,n/a,SLCO1B1 Indeterminate,none
*19/*36,n/a,SLCO1B1 Indeterminate,none
*19/*37,n/a,SLCO1B1 Indeterminate,none
*19/*38,n/a,SLCO1B1 Indeterminate,none
*19/*39,n/a,SLCO1B1 Indeterminate,none
*19/*40,n/a,SLCO1B1 Indeterminate,none
*19/*41,n/a,SLCO1B1 Indeterminate,none
*19/*42,n/a,SLCO1B1 Indeterminate,none
*19/*43,n/a,SLCO1B1 Indeterminate,none
*19/*44,n/a,SLCO1B1 Indeterminate,none
*19/*45,n/a,SLCO1B1 Indeterminate,none
*19/*46,n/a,SLCO1B1 Possible Decreased Function,Abnormal/Priority/High Risk
*19/*47,n/a,SLCO1B1 Possible Decreased Function,Abnormal/Priority/High Risk
*19/*48,n/a,SLCO1B1 Possible Decreased Function,Abnormal/Priority/High Risk
*19/*49,n/a,SLCO1B1 Possible Decreased Function,Abnormal/Priority/High Risk
*20/*20,n/a,SLCO1B1 Increased Function,Normal/Routine/Low Risk
*20/*23,n/a,SLCO1B1 Decreased Function,Abnormal/Priority/High Risk
*20/*24,n/a,SLCO1B1 Indeterminate,none
*20/*25,n/a,SLCO1B1 Indeterminate,none
*20/*26,n/a,SLCO1B1 Indeterminate,none
*20/*27,n/a,SLCO1B1 Indeterminate,none
*20/*28,n/a,SLCO1B1 Indeterminate,none
*20/*29,n/a,SLCO1B1 Indeterminate,none
*20/*30,n/a,SLCO1B1 Indeterminate,none
*20/*31,n/a,SLCO1B1 Decreased Function,Abnormal/Priority/High Risk
*20/*32,n/a,SLCO1B1 Indeterminate,none
*20/*33,n/a,SLCO1B1 Indeterminate,none
*20/*34,n/a,SLCO1B1 Indeterminate,none
*20/*36,n/a,SLCO1B1 Indeterminate,none
*20/*37,n/a,SLCO1B1 Normal Function,Normal/Routine/Low Risk
*20/*38,n/a,SLCO1B1 Indeterminate,none
*20/*39,n/a,SLCO1B1 Indeterminate,none
*20/*40,n/a,SLCO1B1 Indeterminate,none
*20/*41,n/a,SLCO1B1 Indeterminate,none
*20/*42,n/a,SLCO1B1 Indeterminate,none
*20/*43,n/a,SLCO1B1 Indeterminate,none
*20/*44,n/a,SLCO1B1 Indeterminate,none
*20/*45,n/a,SLCO1B1 Indeterminate,none
*20/*46,n/a,SLCO1B1 Decreased Function,Abnormal/Priority/High Risk
*20/*47,n/a,SLCO1B1 Decreased Function,Abnormal/Priority/High Risk
*20/*48,n/a,SLCO1B1 Decreased Function,Abnormal/Priority/High Risk
*20/*49,n/a,SLCO1B1 Decreased Function,Abnormal/Priority/High Risk
*23/*23,n/a,SLCO1B1 Poor Function,Abnormal/Priority/High Risk
*23/*24,n/a,SLCO1B1 Possible Decreased Function,Abnormal/Priority/High Risk
*23/*25,n/a,SLCO1B1 Possible Decreased Function,Abnormal/Priority/High Risk
*23/*26,n/a,SLCO1B1 Possible Decreased Function,Abnormal/Priority/High Risk
*23/*27,n/a,SLCO1B1 Possible Decreased Function,Abnormal/Priority/High Risk
*23/*28,n/a,SLCO1B1 Possible Decreased Function,Abnormal/Priority/High Risk
*23/*29,n/a,SLCO1B1 Possible Decreased Function,Abnormal/Priority/High Risk
*23/*30,n/a,SLCO1B1 Possible Decreased Function,Abnormal/Priority/High Risk
*23/*31,n/a,SLCO1B1 Poor Function,Abnormal/Priority/High Risk
*23/*32,n/a,SLCO1B1 Possible Decreased Function,Abnormal/Priority/High Risk
*23/*33,n/a,SLCO1B1 Possible Decreased Function,Abnormal/Priority/High Risk
*23/*34,n/a,SLCO1B1 Possible Decreased Function,Abnormal/Priority/High Risk
*23/*36,n/a,SLCO1B1 Possible Decreased Function,Abnormal/Priority/High Risk
*23/*37,n/a,SLCO1B1 Decreased Function,Abnormal/Priority/High Risk
*23/*38,n/a,SLCO1B1 Possible Decreased Function,Abnormal/Priority/High Risk
*23/*39,n/a,SLCO1B1 Possible Decreased Function,Abnormal/Priority/High Risk
*23/*40,n/a,SLCO1B1 Possible Decreased Function,Abnormal/Priority/High Risk
*23/*41,n/a,SLCO1B1 Possible Decreased Function,Abnormal/Priority/High Risk
*23/*42,n/a,SLCO1B1 Possible Decreased Function,Abnormal/Priority/High Risk
*23/*43,n/a,SLCO1B1 Possible Decreased Function,Abnormal/Priority/High Risk
*23/*44,n/a,SLCO1B1 Possible Decreased Function,Abnormal/Priority/High Risk
*23/*45,n/a,SLCO1B1 Possible Decreased Function,Abnormal/Priority/High Risk
*23/*46,n/a,SLCO1B1 Poor Function,Abnormal/Priority/High Risk
*23/*47,n/a,SLCO1B1 Poor Function,Abnormal/Priority/High Risk
*23/*48,n/a,SLCO1B1 Poor Function,Abnormal/Priority/High Risk
*23/*49,n/a,SLCO1B1 Poor Function,Abnormal/Priority/High Risk
*24/*24,n/a,SLCO1B1 Indeterminate,none
*24/*25,n/a,SLCO1B1 Indeterminate,none
*24/*26,n/a,SLCO1B1 Indeterminate,none
*24/*27,n/a,SLCO1B1 Indeterminate,none
*24/*28,n/a,SLCO1B1 Indeterminate,none
*24/*29,n/a,SLCO1B1 Indeterminate,none
*24/*30,n/a,SLCO1B1 Indeterminate,none
*24/*31,n/a,SLCO1B1 Possible Decreased Function,Abnormal/Priority/High Risk
*24/*32,n/a,SLCO1B1 Indeterminate,none
*24/*33,n/a,SLCO1B1 Indeterminate,none
*24/*34,n/a,SLCO1B1 Indeterminate,none
*24/*36,n/a,SLCO1B1 Indeterminate,none
*24/*37,n/a,SLCO1B1 Indeterminate,none
*24/*38,n/a,SLCO1B1 Indeterminate,none
*24/*39,n/a,SLCO1B1 Indeterminate,none
*24/*40,n/a,SLCO1B1 Indeterminate,none
*24/*41,n/a,SLCO1B1 Indeterminate,none
*24/*42,n/a,SLCO1B1 Indeterminate,none
*24/*43,n/a,SLCO1B1 Indeterminate,none
*24/*44,n/a,SLCO1B1 Indeterminate,none
*24/*45,n/a,SLCO1B1 Indeterminate,none
*24/*46,n/a,SLCO1B1 Possible Decreased Function,Abnormal/Priority/High Risk
*24/*47,n/a,SLCO1B1 Possible Decreased Function,Abnormal/Priority/High Risk
*24/*48,n/a,SLCO1B1 Possible Decreased Function,Abnormal/Priority/High Risk
*24/*49,n/a,SLCO1B1 Possible Decreased Function,Abnormal/Priority/High Risk
*25/*25,n/a,SLCO1B1 Indeterminate,none
*25/*26,n/a,SLCO1B1 Indeterminate,none
*25/*27,n/a,SLCO1B1 Indeterminate,none
*25/*28,n/a,SLCO1B1 Indeterminate,none
*25/*29,n/a,SLCO1B1 Indeterminate,none
*25/*30,n/a,SLCO1B1 Indeterminate,none
*25/*31,n/a,SLCO1B1 Possible Decreased Function,Abnormal/Priority/High Risk
*25/*32,n/a,SLCO1B1 Indeterminate,none
*25/*33,n/a,SLCO1B1 Indeterminate,none
*25/*34,n/a,SLCO1B1 Indeterminate,none
*25/*36,n/a,SLCO1B1 Indeterminate,none
*25/*37,n/a,SLCO1B1 Indeterminate,none
*25/*38,n/a,SLCO1B1 Indeterminate,none
*25/*39,n/a,SLCO1B1 Indeterminate,none
*25/*40,n/a,SLCO1B1 Indeterminate,none
*25/*41,n/a,SLCO1B1 Indeterminate,none
*25/*42,n/a,SLCO1B1 Indeterminate,none
*25/*43,n/a,SLCO1B1 Indeterminate,none
*25/*44,n/a,SLCO1B1 Indeterminate,none
*25/*45,n/a,SLCO1B1 Indeterminate,none
*25/*46,n/a,SLCO1B1 Possible Decreased Function,Abnormal/Priority/High Risk
*25/*47,n/a,SLCO1B1 Possible Decreased Function,Abnormal/Priority/High Risk
*25/*48,n/a,SLCO1B1 Possible Decreased Function,Abnormal/Priority/High Risk
*25/*49,n/a,SLCO1B1 Possible Decreased Function,Abnormal/Priority/High Risk
*26/*26,n/a,SLCO1B1 Indeterminate,none
*26/*27,n/a,SLCO1B1 Indeterminate,none
*26/*28,n/a,SLCO1B1 Indeterminate,none
*26/*29,n/a,SLCO1B1 Indeterminate,none
*26/*30,n/a,SLCO1B1 Indeterminate,none
*26/*31,n/a,SLCO1B1 Possible Decreased Function,Abnormal/Priority/High Risk
*26/*32,n/a,SLCO1B1 Indeterminate,none
*26/*33,n/a,SLCO1B1 Indeterminate,none
*26/*34,n/a,SLCO1B1 Indeterminate,none
*26/*36,n/a,SLCO1B1 Indeterminate,none
*26/*37,n/a,SLCO1B1 Indeterminate,none
*26/*38,n/a,SLCO1B1 Indeterminate,none
*26/*39,n/a,SLCO1B1 Indeterminate,none
*26/*40,n/a,SLCO1B1 Indeterminate,none
*26/*41,n/a,SLCO1B1 Indeterminate,none
*26/*42,n/a,SLCO1B1 Indeterminate,none
*26/*43,n/a,SLCO1B1 Indeterminate,none
*26/*44,n/a,SLCO1B1 Indeterminate,none
*26/*45,n/a,SLCO1B1 Indeterminate,none
*26/*46,n/a,SLCO1B1 Possible Decreased Function,Abnormal/Priority/High Risk
*26/*47,n/a,SLCO1B1 Possible Decreased Function,Abnormal/Priority/High Risk
*26/*48,n/a,SLCO1B1 Possible Decreased Function,Abnormal/Priority/High Risk
*26/*49,n/a,SLCO1B1 Possible Decreased Function,Abnormal/Priority/High Risk
*27/*27,n/a,SLCO1B1 Indeterminate,none
*27/*28,n/a,SLCO1B1 Indeterminate,none
*27/*29,n/a,SLCO1B1 Indeterminate,none
*27/*30,n/a,SLCO1B1 Indeterminate,none
*27/*31,n/a,SLCO1B1 Possible Decreased Function,Abnormal/Priority/High Risk
*27/*32,n/a,SLCO1B1 Indeterminate,none
*27/*33,n/a,SLCO1B1 Indeterminate,none
*27/*34,n/a,SLCO1B1 Indeterminate,none
*27/*36,n/a,SLCO1B1 Indeterminate,none
*27/*37,n/a,SLCO1B1 Indeterminate,none
*27/*38,n/a,SLCO1B1 Indeterminate,none
*27/*39,n/a,SLCO1B1 Indeterminate,none
*27/*40,n/a,SLCO1B1 Indeterminate,none
*27/*41,n/a,SLCO1B1 Indeterminate,none
*27/*42,n/a,SLCO1B1 Indeterminate,none
*27/*43,n/a,SLCO1B1 Indeterminate,none
*27/*44,n/a,SLCO1B1 Indeterminate,none
*27/*45,n/a,SLCO1B1 Indeterminate,none
*27/*46,n/a,SLCO1B1 Possible Decreased Function,Abnormal/Priority/High Risk
*27/*47,n/a,SLCO1B1 Possible Decreased Function,Abnormal/Priority/High Risk
*27/*48,n/a,SLCO1B1 Possible Decreased Function,Abnormal/Priority/High Risk
*27/*49,n/a,SLCO1B1 Possible Decreased Function,Abnormal/Priority/High Risk
*28/*28,n/a,SLCO1B1 Indeterminate,none
*28/*29,n/a,SLCO1B1 Indeterminate,none
*28/*30,n/a,SLCO1B1 Indeterminate,none
*28/*31,n/a,SLCO1B1 Possible Decreased Function,Abnormal/Priority/High Risk
*28/*32,n/a,SLCO1B1 Indeterminate,none
*28/*33,n/a,SLCO1B1 Indeterminate,none
*28/*34,n/a,SLCO1B1 Indeterminate,none
*28/*36,n/a,SLCO1B1 Indeterminate,none
*28/*37,n/a,SLCO1B1 Indeterminate,none
*28/*38,n/a,SLCO1B1 Indeterminate,none
*28/*39,n/a,SLCO1B1 Indeterminate,none
*28/*40,n/a,SLCO1B1 Indeterminate,none
*28/*41,n/a,SLCO1B1 Indeterminate,none
*28/*42,n/a,SLCO1B1 Indeterminate,none
*28/*43,n/a,SLCO1B1 Indeterminate,none
*28/*44,n/a,SLCO1B1 Indeterminate,none
*28/*45,n/a,SLCO1B1 Indeterminate,none
*28/*46,n/a,SLCO1B1 Possible Decreased Function,Abnormal/Priority/High Risk
*28/*47,n/a,SLCO1B1 Possible Decreased Function,Abnormal/Priority/High Risk
*28/*48,n/a,SLCO1B1 Possible Decreased Function,Abnormal/Priority/High Risk
*28/*49,n/a,SLCO1B1 Possible Decreased Function,Abnormal/Priority/High Risk
*29/*29,n/a,SLCO1B1 Indeterminate,none
*29/*30,n/a,SLCO1B1 Indeterminate,none
*29/*31,n/a,SLCO1B1 Possible Decreased Function,Abnormal/Priority/High Risk
*29/*32,n/a,SLCO1B1 Indeterminate,none
*29/*33,n/a,SLCO1B1 Indeterminate,none
*29/*34,n/a,SLCO1B1 Indeterminate,none
*29/*36,n/a,SLCO1B1 Indeterminate,none
*29/*37,n/a,SLCO1B1 Indeterminate,none
*29/*38,n/a,SLCO1B1 Indeterminate,none
*29/*39,n/a,SLCO1B1 Indeterminate,none
*29/*40,n/a,SLCO1B1 Indeterminate,none
*29/*41,n/a,SLCO1B1 Indeterminate,none
*29/*42,n/a,SLCO1B1 Indeterminate,none
*29/*43,n/a,SLCO1B1 Indeterminate,none
*29/*44,n/a,SLCO1B1 Indeterminate,none
*29/*45,n/a,SLCO1B1 Indeterminate,none
*29/*46,n/a,SLCO1B1 Possible Decreased Function,Abnormal/Priority/High Risk
*29/*47,n/a,SLCO1B1 Possible Decreased Function,Abnormal/Priority/High Risk
*29/*48,n/a,SLCO1B1 Possible Decreased Function,Abnormal/Priority/High Risk
*29/*49,n/a,SLCO1B1 Possible Decreased Function,Abnormal/Priority/High Risk
*30/*30,n/a,SLCO1B1 Indeterminate,none
*30/*31,n/a,SLCO1B1 Possible Decreased Function,Abnormal/Priority/High Risk
*30/*32,n/a,SLCO1B1 Indeterminate,none
*30/*33,n/a,SLCO1B1 Indeterminate,none
*30/*34,n/a,SLCO1B1 Indeterminate,none
*30/*36,n/a,SLCO1B1 Indeterminate,none
*30/*37,n/a,SLCO1B1 Indeterminate,none
*30/*38,n/a,SLCO1B1 Indeterminate,none
*30/*39,n/a,SLCO1B1 Indeterminate,none
*30/*40,n/a,SLCO1B1 Indeterminate,none
*30/*41,n/a,SLCO1B1 Indeterminate,none
*30/*42,n/a,SLCO1B1 Indeterminate,none
*30/*43,n/a,SLCO1B1 Indeterminate,none
*30/*44,n/a,SLCO1B1 Indeterminate,none
*30/*45,n/a,SLCO1B1 Indeterminate,none
*30/*46,n/a,SLCO1B1 Possible Decreased Function,Abnormal/Priority/High Risk
*30/*47,n/a,SLCO1B1 Possible Decreased Function,Abnormal/Priority/High Risk
*30/*48,n/a,SLCO1B1 Possible Decreased Function,Abnormal/Priority/High Risk
*30/*49,n/a,SLCO1B1 Possible Decreased Function,Abnormal/Priority/High Risk
*31/*31,n/a,SLCO1B1 Poor Function,Abnormal/Priority/High Risk
*31/*32,n/a,SLCO1B1 Possible Decreased Function,Abnormal/Priority/High Risk
*31/*33,n/a,SLCO1B1 Possible Decreased Function,Abnormal/Priority/High Risk
*31/*34,n/a,SLCO1B1 Possible Decreased Function,Abnormal/Priority/High Risk
*31/*36,n/a,SLCO1B1 Possible Decreased Function,Abnormal/Priority/High Risk
*31/*37,n/a,SLCO1B1 Decreased Function,Abnormal/Priority/High Risk
*31/*38,n/a,SLCO1B1 Possible Decreased Function,Abnormal/Priority/High Risk
*31/*39,n/a,SLCO1B1 Possible Decreased Function,Abnormal/Priority/High Risk
*31/*40,n/a,SLCO1B1 Possible Decreased Function,Abnormal/Priority/High Risk
*31/*41,n/a,SLCO1B1 Possible Decreased Function,Abnormal/Priority/High Risk
*31/*42,n/a,SLCO1B1 Possible Decreased Function,Abnormal/Priority/High Risk
*31/*43,n/a,SLCO1B1 Possible Decreased Function,Abnormal/Priority/High Risk
*31/*44,n/a,SLCO1B1 Possible Decreased Function,Abnormal/Priority/High Risk
*31/*45,n/a,SLCO1B1 Possible Decreased Function,Abnormal/Priority/High Risk
*31/*46,n/a,SLCO1B1 Poor Function,Abnormal/Priority/High Risk
*31/*47,n/a,SLCO1B1 Poor Function,Abnormal/Priority/High Risk
*31/*48,n/a,SLCO1B1 Poor Function,Abnormal/Priority/High Risk
*31/*49,n/a,SLCO1B1 Poor Function,Abnormal/Priority/High Risk
*32/*32,n/a,SLCO1B1 Indeterminate,none
*32/*33,n/a,SLCO1B1 Indeterminate,none
*32/*34,n/a,SLCO1B1 Indeterminate,none
*32/*36,n/a,SLCO1B1 Indeterminate,none
*32/*37,n/a,SLCO1B1 Indeterminate,none
*32/*38,n/a,SLCO1B1 Indeterminate,none
*32/*39,n/a,SLCO1B1 Indeterminate,none
*32/*40,n/a,SLCO1B1 Indeterminate,none
*32/*41,n/a,SLCO1B1 Indeterminate,none
*32/*42,n/a,SLCO1B1 Indeterminate,none
*32/*43,n/a,SLCO1B1 Indeterminate,none
*32/*44,n/a,SLCO1B1 Indeterminate,none
*32/*45,n/a,SLCO1B1 Indeterminate,none
*32/*46,n/a,SLCO1B1 Possible Decreased Function,Abnormal/Priority/High Risk
*32/*47,n/a,SLCO1B1 Possible Decreased Function,Abnormal/Priority/High Risk
*32/*48,n/a,SLCO1B1 Possible Decreased Function,Abnormal/Priority/High Risk
*32/*49,n/a,SLCO1B1 Possible Decreased Function,Abnormal/Priority/High Risk
*33/*33,n/a,SLCO1B1 Indeterminate,none
*33/*34,n/a,SLCO1B1 Indeterminate,none
*33/*36,n/a,SLCO1B1 Indeterminate,none
*33/*37,n/a,SLCO1B1 Indeterminate,none
*33/*38,n/a,SLCO1B1 Indeterminate,none
*33/*39,n/a,SLCO1B1 Indeterminate,none
*33/*40,n/a,SLCO1B1 Indeterminate,none
*33/*41,n/a,SLCO1B1 Indeterminate,none
*33/*42,n/a,SLCO1B1 Indeterminate,none
*33/*43,n/a,SLCO1B1 Indeterminate,none
*33/*44,n/a,SLCO1B1 Indeterminate,none
*33/*45,n/a,SLCO1B1 Indeterminate,none
*33/*46,n/a,SLCO1B1 Possible Decreased Function,Abnormal/Priority/High Risk
*33/*47,n/a,SLCO1B1 Possible Decreased Function,Abnormal/Priority/High Risk
*33/*48,n/a,SLCO1B1 Possible Decreased Function,Abnormal/Priority/High Risk
*33/*49,n/a,SLCO1B1 Possible Decreased Function,Abnormal/Priority/High Risk
*34/*34,n/a,SLCO1B1 Indeterminate,none
*34/*36,n/a,SLCO1B1 Indeterminate,none
*34/*37,n/a,SLCO1B1 Indeterminate,none
*34/*38,n/a,SLCO1B1 Indeterminate,none
*34/*39,n/a,SLCO1B1 Indeterminate,none
*34/*40,n/a,SLCO1B1 Indeterminate,none
*34/*41,n/a,SLCO1B1 Indeterminate,none
*34/*42,n/a,SLCO1B1 Indeterminate,none
*34/*43,n/a,SLCO1B1 Indeterminate,none
*34/*44,n/a,SLCO1B1 Indeterminate,none
*34/*45,n/a,SLCO1B1 Indeterminate,none
*34/*46,n/a,SLCO1B1 Possible Decreased Function,Abnormal/Priority/High Risk
*34/*47,n/a,SLCO1B1 Possible Decreased Function,Abnormal/Priority/High Risk
*34/*48,n/a,SLCO1B1 Possible Decreased Function,Abnormal/Priority/High Risk
*34/*49,n/a,SLCO1B1 Possible Decreased Function,Abnormal/Priority/High Risk
*36/*36,n/a,SLCO1B1 Indeterminate,none
*36/*37,n/a,SLCO1B1 Indeterminate,none
*36/*38,n/a,SLCO1B1 Indeterminate,none
*36/*39,n/a,SLCO1B1 Indeterminate,none
*36/*40,n/a,SLCO1B1 Indeterminate,none
*36/*41,n/a,SLCO1B1 Indeterminate,none
*36/*42,n/a,SLCO1B1 Indeterminate,none
*36/*43,n/a,SLCO1B1 Indeterminate,none
*36/*44,n/a,SLCO1B1 Indeterminate,none
*36/*45,n/a,SLCO1B1 Indeterminate,none
*36/*46,n/a,SLCO1B1 Possible Decreased Function,Abnormal/Priority/High Risk
*36/*47,n/a,SLCO1B1 Possible Decreased Function,Abnormal/Priority/High Risk
*36/*48,n/a,SLCO1B1 Possible Decreased Function,Abnormal/Priority/High Risk
*36/*49,n/a,SLCO1B1 Possible Decreased Function,Abnormal/Priority/High Risk
*37/*37,n/a,SLCO1B1 Normal Function,Normal/Routine/Low Risk
*37/*38,n/a,SLCO1B1 Indeterminate,none
*37/*39,n/a,SLCO1B1 Indeterminate,none
*37/*40,n/a,SLCO1B1 Indeterminate,none
*37/*41,n/a,SLCO1B1 Indeterminate,none
*37/*42,n/a,SLCO1B1 Indeterminate,none
*37/*43,n/a,SLCO1B1 Indeterminate,none
*37/*44,n/a,SLCO1B1 Indeterminate,none
*37/*45,n/a,SLCO1B1 Indeterminate,none
*37/*46,n/a,SLCO1B1 Decreased Function,Abnormal/Priority/High Risk
*37/*47,n/a,SLCO1B1 Decreased Function,Abnormal/Priority/High Risk
*37/*48,n/a,SLCO1B1 Decreased Function,Abnormal/Priority/High Risk
*37/*49,n/a,SLCO1B1 Decreased Function,Abnormal/Priority/High Risk
*38/*38,n/a,SLCO1B1 Indeterminate,none
*38/*39,n/a,SLCO1B1 Indeterminate,none
*38/*40,n/a,SLCO1B1 Indeterminate,none
*38/*41,n/a,SLCO1B1 Indeterminate,none
*38/*42,n/a,SLCO1B1 Indeterminate,none
*38/*43,n/a,SLCO1B1 Indeterminate,none
*38/*44,n/a,SLCO1B1 Indeterminate,none
*38/*45,n/a,SLCO1B1 Indeterminate,none
*38/*46,n/a,SLCO1B1 Possible Decreased Function,Abnormal/Priority/High Risk
*38/*47,n/a,SLCO1B1 Possible Decreased Function,Abnormal/Priority/High Risk
*38/*48,n/a,SLCO1B1 Possible Decreased Function,Abnormal/Priority/High Risk
*38/*49,n/a,SLCO1B1 Possible Decreased Function,Abnormal/Priority/High Risk
*39/*39,n/a,SLCO1B1 Indeterminate,none
*39/*40,n/a,SLCO1B1 Indeterminate,none
*39/*41,n/a,SLCO1B1 Indeterminate,none
*39/*42,n/a,SLCO1B1 Indeterminate,none
*39/*43,n/a,SLCO1B1 Indeterminate,none
*39/*44,n/a,SLCO1B1 Indeterminate,none
*39/*45,n/a,SLCO1B1 Indeterminate,none
*39/*46,n/a,SLCO1B1 Possible Decreased Function,Abnormal/Priority/High Risk
*39/*47,n/a,SLCO1B1 Possible Decreased Function,Abnormal/Priority/High Risk
*39/*48,n/a,SLCO1B1 Possible Decreased Function,Abnormal/Priority/High Risk
*39/*49,n/a,SLCO1B1 Possible Decreased Function,Abnormal/Priority/High Risk
*40/*40,n/a,SLCO1B1 Indeterminate,none
*40/*41,n/a,SLCO1B1 Indeterminate,none
*40/*42,n/a,SLCO1B1 Indeterminate,none
*40/*43,n/a,SLCO1B1 Indeterminate,none
*40/*44,n/a,SLCO1B1 Indeterminate,none
*40/*45,n/a,SLCO1B1 Indeterminate,none
*40/*46,n/a,SLCO1B1 Possible Decreased Function,Abnormal/Priority/High Risk
*40/*47,n/a,SLCO1B1 Possible Decreased Function,Abnormal/Priority/High Risk
*40/*48,n/a,SLCO1B1 Possible Decreased Function,Abnormal/Priority/High Risk
*40/*49,n/a,SLCO1B1 Possible Decreased Function,Abnormal/Priority/High Risk
*41/*41,n/a,SLCO1B1 Indeterminate,none
*41/*42,n/a,SLCO1B1 Indeterminate,none
*41/*43,n/a,SLCO1B1 Indeterminate,none
*41/*44,n/a,SLCO1B1 Indeterminate,none
*41/*45,n/a,SLCO1B1 Indeterminate,none
*41/*46,n/a,SLCO1B1 Possible Decreased Function,Abnormal/Priority/High Risk
*41/*47,n/a,SLCO1B1 Possible Decreased Function,Abnormal/Priority/High Risk
*41/*48,n/a,SLCO1B1 Possible Decreased Function,Abnormal/Priority/High Risk
*41/*49,n/a,SLCO1B1 Possible Decreased Function,Abnormal/Priority/High Risk
*42/*42,n/a,SLCO1B1 Indeterminate,none
*42/*43,n/a,SLCO1B1 Indeterminate,none
*42/*44,n/a,SLCO1B1 Indeterminate,none
*42/*45,n/a,SLCO1B1 Indeterminate,none
*42/*46,n/a,SLCO1B1 Possible Decreased Function,Abnormal/Priority/High Risk
*42/*47,n/a,SLCO1B1 Possible Decreased Function,Abnormal/Priority/High Risk
*42/*48,n/a,SLCO1B1 Possible Decreased Function,Abnormal/Priority/High Risk
*42/*49,n/a,SLCO1B1 Possible Decreased Function,Abnormal/Priority/High Risk
*43/*43,n/a,SLCO1B1 Indeterminate,none
*43/*44,n/a,SLCO1B1 Indeterminate,none
*43/*45,n/a,SLCO1B1 Indeterminate,none
*43/*46,n/a,SLCO1B1 Possible Decreased Function,Abnormal/Priority/High Risk
*43/*47,n/a,SLCO1B1 Possible Decreased Function,Abnormal/Priority/High Risk
*43/*48,n/a,SLCO1B1 Possible Decreased Function,Abnormal/Priority/High Risk
*43/*49,n/a,SLCO1B1 Possible Decreased Function,Abnormal/Priority/High Risk
*44/*44,n/a,SLCO1B1 Indeterminate,none
*44/*45,n/a,SLCO1B1 Indeterminate,none
*44/*46,n/a,SLCO1B1 Possible Decreased Function,Abnormal/Priority/High Risk
*44/*47,n/a,SLCO1B1 Possible Decreased Function,Abnormal/Priority/High Risk
*44/*48,n/a,SLCO1B1 Possible Decreased Function,Abnormal/Priority/High Risk
*44/*49,n/a,SLCO1B1 Possible Decreased Function,Abnormal/Priority/High Risk
*45/*45,n/a,SLCO1B1 Indeterminate,none
*45/*46,n/a,SLCO1B1 Possible Decreased Function,Abnormal/Priority/High Risk
*45/*47,n/a,SLCO1B1 Possible Decreased Function,Abnormal/Priority/High Risk
*45/*48,n/a,SLCO1B1 Possible Decreased Function,Abnormal/Priority/High Risk
*45/*49,n/a,SLCO1B1 Possible Decreased Function,Abnormal/Priority/High Risk
*46/*46,n/a,SLCO1B1 Poor Function,Abnormal/Priority/High Risk
*46/*47,n/a,SLCO1B1 Poor Function,Abnormal/Priority/High Risk
*46/*48,n/a,SLCO1B1 Poor Function,Abnormal/Priority/High Risk
*46/*49,n/a,SLCO1B1 Poor Function,Abnormal/Priority/High Risk
*47/*47,n/a,SLCO1B1 Poor Function,Abnormal/Priority/High Risk
*47/*48,n/a,SLCO1B1 Poor Function,Abnormal/Priority/High Risk
*47/*49,n/a,SLCO1B1 Poor Function,Abnormal/Priority/High Risk
*48/*48,n/a,SLCO1B1 Poor Function,Abnormal/Priority/High Risk
*48/*49,n/a,SLCO1B1 Poor Function,Abnormal/Priority/High Risk
*49/*49,n/a,SLCO1B1 Poor Function,Abnormal/Priority/High Risk