TPMT Diplotype,Activity Score,Coded Diplotype/Phenotype Summary,EHR Priority Notation
*1/*1,n/a,TPMT Normal Metabolizer,Normal/Routine/Low Risk
*1/*2,n/a,TPMT Intermediate Metabolizer,Abnormal/Priority/High Risk
*1/*3A,n/a,TPMT Intermediate Metabolizer,Abnormal/Priority/High Risk
*1/*3B,n/a,TPMT Intermediate Metabolizer,Abnormal/Priority/High Risk
*1/*3C,n/a,TPMT Intermediate Metabolizer,Abnormal/Priority/High Risk
*1/*4,n/a,TPMT Intermediate Metabolizer,Abnormal/Priority/High Risk
*1/*5,n/a,TPMT Indeterminate,None
*1/*6,n/a,TPMT Indeterminate,None
*1/*7,n/a,TPMT Indeterminate,None
*1/*8,n/a,TPMT Indeterminate,None
*1/*9,n/a,TPMT Indeterminate,None
*1/*10,n/a,TPMT Indeterminate,None
*1/*11,n/a,TPMT Intermediate Metabolizer,Abnormal/Priority/High Risk
*1/*12,n/a,TPMT Indeterminate,None
*1/*13,n/a,TPMT Indeterminate,None
*1/*14,n/a,TPMT Intermediate Metabolizer,Abnormal/Priority/High Risk
*1/*15,n/a,TPMT Intermediate Metabolizer,Abnormal/Priority/High Risk
*1/*16,n/a,TPMT Indeterminate,None
*1/*17,n/a,TPMT Indeterminate,None
*1/*18,n/a,TPMT Indeterminate,None
*1/*19,n/a,TPMT Indeterminate,None
*1/*20,n/a,TPMT Indeterminate,None
*1/*21,n/a,TPMT Indeterminate,None
*1/*22,n/a,TPMT Indeterminate,None
*1/*23,n/a,TPMT Intermediate Metabolizer,Abnormal/Priority/High Risk
*1/*24,n/a,TPMT Indeterminate,None
*1/*25,n/a,TPMT Indeterminate,None
*1/*26,n/a,TPMT Indeterminate,None
*1/*27,n/a,TPMT Indeterminate,None
*1/*28,n/a,TPMT Indeterminate,None
*1/*29,n/a,TPMT Intermediate Metabolizer,Abnormal/Priority/High Risk
*1/*30,n/a,TPMT Indeterminate,None
*1/*31,n/a,TPMT Indeterminate,None
*1/*32,n/a,TPMT Indeterminate,None
*1/*33,n/a,TPMT Indeterminate,None
*1/*34,n/a,TPMT Indeterminate,None
*1/*35,n/a,TPMT Indeterminate,None
*1/*36,n/a,TPMT Indeterminate,None
*1/*37,n/a,TPMT Indeterminate,None
*1/*38,n/a,TPMT Indeterminate,None
*1/*39,n/a,TPMT Indeterminate,None
*1/*40,n/a,TPMT Indeterminate,None
*1/*41,n/a,TPMT Intermediate Metabolizer,Abnormal/Priority/High Risk
*2/*2,n/a,TPMT Poor Metabolizer,Abnormal/Priority/High Risk
*2/*3A,n/a,TPMT Poor Metabolizer,Abnormal/Priority/High Risk
*2/*3B,n/a,TPMT Poor Metabolizer,Abnormal/Priority/High Risk
*2/*3C,n/a,TPMT Poor Metabolizer,Abnormal/Priority/High Risk
*2/*4,n/a,TPMT Poor Metabolizer,Abnormal/Priority/High Risk
*2/*5,n/a,TPMT Possible Intermediate Metabolizer,Abnormal/Priority/High Risk
*2/*6,n/a,TPMT Possible Intermediate Metabolizer,Abnormal/Priority/High Risk
*2/*7,n/a,TPMT Possible Intermediate Metabolizer,Abnormal/Priority/High Risk
*2/*8,n/a,TPMT Possible Intermediate Metabolizer,Abnormal/Priority/High Risk
*2/*9,n/a,TPMT Possible Intermediate Metabolizer,Abnormal/Priority/High Risk
*2/*10,n/a,TPMT Possible Intermediate Metabolizer,Abnormal/Priority/High Risk
*2/*11,n/a,TPMT Poor Metabolizer,Abnormal/Priority/High Risk
*2/*12,n/a,TPMT Possible Intermediate Metabolizer,Abnormal/Priority/High Risk
*2/*13,n/a,TPMT Possible Intermediate Metabolizer,Abnormal/Priority/High Risk
*2/*14,n/a,TPMT Poor Metabolizer,Abnormal/Priority/High Risk
*2/*15,n/a,TPMT Poor Metabolizer,Abnormal/Priority/High Risk
*2/*16,n/a,TPMT Possible Intermediate Metabolizer,Abnormal/Priority/High Risk
*2/*17,n/a,TPMT Possible Intermediate Metabolizer,Abnormal/Priority/High Risk
*2/*18,n/a,TPMT Possible Intermediate Metabolizer,Abnormal/Priority/High Risk
*2/*19,n/a,TPMT Possible Intermediate Metabolizer,Abnormal/Priority/High Risk
*2/*20,n/a,TPMT Possible Intermediate Metabolizer,Abnormal/Priority/High Risk
*2/*21,n/a,TPMT Possible Intermediate Metabolizer,Abnormal/Priority/High Risk
*2/*22,n/a,TPMT Possible Intermediate Metabolizer,Abnormal/Priority/High Risk
*2/*23,n/a,TPMT Poor Metabolizer,Abnormal/Priority/High Risk
*2/*24,n/a,TPMT Possible Intermediate Metabolizer,Abnormal/Priority/High Risk
*2/*25,n/a,TPMT Possible Intermediate Metabolizer,Abnormal/Priority/High Risk
*2/*26,n/a,TPMT Possible Intermediate Metabolizer,Abnormal/Priority/High Risk
*2/*27,n/a,TPMT Possible Intermediate Metabolizer,Abnormal/Priority/High Risk
*2/*28,n/a,TPMT Possible Intermediate Metabolizer,Abnormal/Priority/High Risk
*2/*29,n/a,TPMT Poor Metabolizer,Abnormal/Priority/High Risk
*2/*30,n/a,TPMT Possible Intermediate Metabolizer,Abnormal/Priority/High Risk
*2/*31,n/a,TPMT Possible Intermediate Metabolizer,Abnormal/Priority/High Risk
*2/*32,n/a,TPMT Possible Intermediate Metabolizer,Abnormal/Priority/High Risk
*2/*33,n/a,TPMT Possible Intermediate Metabolizer,Abnormal/Priority/High Risk
*2/*34,n/a,TPMT Possible Intermediate Metabolizer,Abnormal/Priority/High Risk
*2/*35,n/a,TPMT Possible Intermediate Metabolizer,Abnormal/Priority/High Risk
*2/*36,n/a,TPMT Possible Intermediate Metabolizer,Abnormal/Priority/High Risk
*2/*37,n/a,TPMT Possible Intermediate Metabolizer,Abnormal/Priority/High Risk
*2/*38,n/a,TPMT Possible Intermediate Metabolizer,Abnormal/Priority/High Risk
*2/*39,n/a,TPMT Possible Intermediate Metabolizer,Abnormal/Priority/High Risk
*2/*40,n/a,TPMT Possible Intermediate Metabolizer,Abnormal/Priority/High Risk
*2/*41,n/a,TPMT Poor Metabolizer,Abnormal/Priority/High Risk
*3A/*3A,n/a,TPMT Poor Metabolizer,Abnormal/Priority/High Risk
*3A/*3B,n/a,TPMT Poor Metabolizer,Abnormal/Priority/High Risk
*3A/*3C,n/a,TPMT Poor Metabolizer,Abnormal/Priority/High Risk
*3A/*4,n/a,TPMT Poor Metabolizer,Abnormal/Priority/High Risk
*3A/*5,n/a,TPMT Possible Intermediate Metabolizer,Abnormal/Priority/High Risk
*3A/*6,n/a,TPMT Possible Intermediate Metabolizer,Abnormal/Priority/High Risk
*3A/*7,n/a,TPMT Possible Intermediate Metabolizer,Abnormal/Priority/High Risk
*3A/*8,n/a,TPMT Possible Intermediate Metabolizer,Abnormal/Priority/High Risk
*3A/*9,n/a,TPMT Possible Intermediate Metabolizer,Abnormal/Priority/High Risk
*3A/*10,n/a,TPMT Possible Intermediate Metabolizer,Abnormal/Priority/High Risk
*3A/*11,n/a,TPMT Poor Metabolizer,Abnormal/Priority/High Risk
*3A/*12,n/a,TPMT Possible Intermediate Metabolizer,Abnormal/Priority/High Risk
*3A/*13,n/a,TPMT Possible Intermediate Metabolizer,Abnormal/Priority/High Risk
*3A/*14,n/a,TPMT Poor Metabolizer,Abnormal/Priority/High Risk
*3A/*15,n/a,TPMT Poor Metabolizer,Abnormal/Priority/High Risk
*3A/*16,n/a,TPMT Possible Intermediate Metabolizer,Abnormal/Priority/High Risk
*3A/*17,n/a,TPMT Possible Intermediate Metabolizer,Abnormal/Priority/High Risk
*3A/*18,n/a,TPMT Possible Intermediate Metabolizer,Abnormal/Priority/High Risk
*3A/*19,n/a,TPMT Possible Intermediate Metabolizer,Abnormal/Priority/High Risk
*3A/*20,n/a,TPMT Possible Intermediate Metabolizer,Abnormal/Priority/High Risk
*3A/*21,n/a,TPMT Possible Intermediate Metabolizer,Abnormal/Priority/High Risk
*3A/*22,n/a,TPMT Possible Intermediate Metabolizer,Abnormal/Priority/High Risk
*3A/*23,n/a,TPMT Poor Metabolizer,Abnormal/Priority/High Risk
*3A/*24,n/a,TPMT Possible Intermediate Metabolizer,Abnormal/Priority/High Risk
*3A/*25,n/a,TPMT Possible Intermediate Metabolizer,Abnormal/Priority/High Risk
*3A/*26,n/a,TPMT Possible Intermediate Metabolizer,Abnormal/Priority/High Risk
*3A/*27,n/a,TPMT Possible Intermediate Metabolizer,Abnormal/Priority/High Risk
*3A/*28,n/a,TPMT Possible Intermediate Metabolizer,Abnormal/Priority/High Risk
*3A/*29,n/a,TPMT Poor Metabolizer,Abnormal/Priority/High Risk
*3A/*30,n/a,TPMT Possible Intermediate Metabolizer,Abnormal/Priority/High Risk
*3A/*31,n/a,TPMT Possible Intermediate Metabolizer,Abnormal/Priority/High Risk
*3A/*32,n/a,TPMT Possible Intermediate Metabolizer,Abnormal/Priority/High Risk
*3A/*33,n/a,TPMT Possible Intermediate Metabolizer,Abnormal/Priority/High Risk
*3A/*34,n/a,TPMT Possible Intermediate Metabolizer,Abnormal/Priority/High Risk
*3A/*35,n/a,TPMT Possible Intermediate Metabolizer,Abnormal/Priority/High Risk
*3A/*36,n/a,TPMT Possible Intermediate Metabolizer,Abnormal/Priority/High Risk
*3A/*37,n/a,TPMT Possible Intermediate Metabolizer,Abnormal/Priority/High Risk
*3A/*38,n/a,TPMT Possible Intermediate Metabolizer,Abnormal/Priority/High Risk
*3A/*39,n/a,TPMT Possible Intermediate Metabolizer,Abnormal/Priority/High Risk
*3A/*40,n/a,TPMT Possible Intermediate Metabolizer,Abnormal/Priority/High Risk
*3A/*41,n/a,TPMT Poor Metabolizer,Abnormal/Priority/High Risk
*3B/*3B,n/a,TPMT Poor Metabolizer,Abnormal/Priority/High Risk
*3B/*3C,n/a,TPMT Poor Metabolizer,Abnormal/Priority/High Risk
*3B/*4,n/a,TPMT Poor Metabolizer,Abnormal/Priority/High Risk
*3B/*5,n/a,TPMT Possible Intermediate Metabolizer,Abnormal/Priority/High Risk
*3B/*6,n/a,TPMT Possible Intermediate Metabolizer,Abnormal/Priority/High Risk
*3B/*7,n/a,TPMT Possible Intermediate Metabolizer,Abnormal/Priority/High Risk
*3B/*8,n/a,TPMT Possible Intermediate Metabolizer,Abnormal/Priority/High Risk
*3B/*9,n/a,TPMT Possible Intermediate Metabolizer,Abnormal/Priority/High Risk
*3B/*10,n/a,TPMT Possible Intermediate Metabolizer,Abnormal/Priority/High Risk
*3B/*11,n/a,TPMT Poor Metabolizer,Abnormal/Priority/High Risk
*3B/*12,n/a,TPMT Possible Intermediate Metabolizer,Abnormal/Priority/High Risk
*3B/*13,n/a,TPMT Possible Intermediate Metabolizer,Abnormal/Priority/High Risk
*3B/*14,n/a,TPMT Poor Metabolizer,Abnormal/Priority/High Risk
*3B/*15,n/a,TPMT Poor Metabolizer,Abnormal/Priority/High Risk
*3B/*16,n/a,TPMT Possible Intermediate Metabolizer,Abnormal/Priority/High Risk
*3B/*17,n/a,TPMT Possible Intermediate Metabolizer,Abnormal/Priority/High Risk
*3B/*18,n/a,TPMT Possible Intermediate Metabolizer,Abnormal/Priority/High Risk
*3B/*19,n/a,TPMT Possible Intermediate Metabolizer,Abnormal/Priority/High Risk
*3B/*20,n/a,TPMT Possible Intermediate Metabolizer,Abnormal/Priority/High Risk
*3B/*21,n/a,TPMT Possible Intermediate Metabolizer,Abnormal/Priority/High Risk
*3B/*22,n/a,TPMT Possible Intermediate Metabolizer,Abnormal/Priority/High Risk
*3B/*23,n/a,TPMT Poor Metabolizer,Abnormal/Priority/High Risk
*3B/*24,n/a,TPMT Possible Intermediate Metabolizer,Abnormal/Priority/High Risk
*3B/*25,n/a,TPMT Possible Intermediate Metabolizer,Abnormal/Priority/High Risk
*3B/*26,n/a,TPMT Possible Intermediate Metabolizer,Abnormal/Priority/High Risk
*3B/*27,n/a,TPMT Possible Intermediate Metabolizer,Abnormal/Priority/High Risk
*3B/*28,n/a,TPMT Possible Intermediate Metabolizer,Abnormal/Priority/High Risk
*3B/*29,n/a,TPMT Poor Metabolizer,Abnormal/Priority/High Risk
*3B/*30,n/a,TPMT Possible Intermediate Metabolizer,Abnormal/Priority/High Risk
*3B/*31,n/a,TPMT Possible Intermediate Metabolizer,Abnormal/Priority/High Risk
*3B/*32,n/a,TPMT Possible Intermediate Metabolizer,Abnormal/Priority/High Risk
*3B/*33,n/a,TPMT Possible Intermediate Metabolizer,Abnormal/Priority/High Risk
*3B/*34,n/a,TPMT Possible Intermediate Metabolizer,Abnormal/Priority/High Risk
*3B/*35,n/a,TPMT Possible Intermediate Metabolizer,Abnormal/Priority/High Risk
*3B/*36,n/a,TPMT Possible Intermediate Metabolizer,Abnormal/Priority/High Risk
*3B/*37,n/a,TPMT Possible Intermediate Metabolizer,Abnormal/Priority/High Risk
*3B/*38,n/a,TPMT Possible Intermediate Metabolizer,Abnormal/Priority/High Risk
*3B/*39,n/a,TPMT Possible Intermediate Metabolizer,Abnormal/Priority/High Risk
*3B/*40,n/a,TPMT Possible Intermediate Metabolizer,Abnormal/Priority/High Risk
*3B/*41,n/a,TPMT Poor Metabolizer,Abnormal/Priority/High Risk
*3C/*3C,n/a,TPMT Poor Metabolizer,Abnormal/Priority/High Risk
*3C/*4,n/a,TPMT Poor Metabolizer,Abnormal/Priority/High Risk
*3C/*5,n/a,TPMT Possible Intermediate Metabolizer,Abnormal/Priority/High Risk
*3C/*6,n/a,TPMT Possible Intermediate Metabolizer,Abnormal/Priority/High Risk
*3C/*7,n/a,TPMT Possible Intermediate Metabolizer,Abnormal/Priority/High Risk
*3C/*8,n/a,TPMT Possible Intermediate Metabolizer,Abnormal/Priority/High Risk
*3C/*9,n/a,TPMT Possible Intermediate Metabolizer,Abnormal/Priority/High Risk
*3C/*10,n/a,TPMT Possible Intermediate Metabolizer,Abnormal/Priority/High Risk
*3C/*11,n/a,TPMT Poor Metabolizer,Abnormal/Priority/High Risk
*3C/*12,n/a,TPMT Possible Intermediate Metabolizer,Abnormal/Priority/High Risk
*3C/*13,n/a,TPMT Possible Intermediate Metabolizer,Abnormal/Priority/High Risk
*3C/*14,n/a,TPMT Poor Metabolizer,Abnormal/Priority/High Risk
*3C/*15,n/a,TPMT Poor Metabolizer,Abnormal/Priority/High Risk
*3C/*16,n/a,TPMT Possible Intermediate Metabolizer,Abnormal/Priority/High Risk
*3C/*17,n/a,TPMT Possible Intermediate Metabolizer,Abnormal/Priority/High Risk
*3C/*18,n/a,TPMT Possible Intermediate Metabolizer,Abnormal/Priority/High Risk
*3C/*19,n/a,TPMT Possible Intermediate Metabolizer,Abnormal/Priority/High Risk
*3C/*20,n/a,TPMT Possible Intermediate Metabolizer,Abnormal/Priority/High Risk
*3C/*21,n/a,TPMT Possible Intermediate Metabolizer,Abnormal/Priority/High Risk
*3C/*22,n/a,TPMT Possible Intermediate Metabolizer,Abnormal/Priority/High Risk
*3C/*23,n/a,TPMT Poor Metabolizer,Abnormal/Priority/High Risk
*3C/*24,n/a,TPMT Possible Intermediate Metabolizer,Abnormal/Priority/High Risk
*3C/*25,n/a,TPMT Possible Intermediate Metabolizer,Abnormal/Priority/High Risk
*3C/*26,n/a,TPMT Possible Intermediate Metabolizer,Abnormal/Priority/High Risk
*3C/*27,n/a,TPMT Possible Intermediate Metabolizer,Abnormal/Priority/High Risk
*3C/*28,n/a,TPMT Possible Intermediate Metabolizer,Abnormal/Priority/High Risk
*3C/*29,n/a,TPMT Poor Metabolizer,Abnormal/Priority/High Risk
*3C/*30,n/a,TPMT Possible Intermediate Metabolizer,Abnormal/Priority/High Risk
*3C/*31,n/a,TPMT Possible Intermediate Metabolizer,Abnormal/Priority/High Risk
*3C/*32,n/a,TPMT Possible Intermediate Metabolizer,Abnormal/Priority/High Risk
*3C/*33,n/a,TPMT Possible Intermediate Metabolizer,Abnormal/Priority/High Risk
*3C/*34,n/a,TPMT Possible Intermediate Metabolizer,Abnormal/Priority/High Risk
*3C/*35,n/a,TPMT Possible Intermediate Metabolizer,Abnormal/Priority/High Risk
*3C/*36,n/a,TPMT Possible Intermediate Metabolizer,Abnormal/Priority/High Risk
*3C/*37,n/a,TPMT Possible Intermediate Metabolizer,Abnormal/Priority/High Risk
*3C/*38,n/a,TPMT Possible Intermediate Metabolizer,Abnormal/Priority/High Risk
*3C/*39,n/a,TPMT Possible Intermediate Metabolizer,Abnormal/Priority/High Risk
*3C/*40,n/a,TPMT Possible Intermediate Metabolizer,Abnormal/Priority/High Risk
*3C/*41,n/a,TPMT Poor Metabolizer,Abnormal/Priority/High Risk
*4/*4,n/a,TPMT Poor Metabolizer,Abnormal/Priority/High Risk
*4/*5,n/a,TPMT Possible Intermediate Metabolizer,Abnormal/Priority/High Risk
*4/*6,n/a,TPMT Possible Intermediate Metabolizer,Abnormal/Priority/High Risk
*4/*7,n/a,TPMT Possible Intermediate Metabolizer,Abnormal/Priority/High Risk
*4/*8,n/a,TPMT Possible Intermediate Metabolizer,Abnormal/Priority/High Risk
*4/*9,n/a,TPMT Possible Intermediate Metabolizer,Abnormal/Priority/High Risk
*4/*10,n/a,TPMT Possible Intermediate Metabolizer,Abnormal/Priority/High Risk
*4/*11,n/a,TPMT Poor Metabolizer,Abnormal/Priority/High Risk
*4/*12,n/a,TPMT Possible Intermediate Metabolizer,Abnormal/Priority/High Risk
*4/*13,n/a,TPMT Possible Intermediate Metabolizer,Abnormal/Priority/High Risk
*4/*14,n/a,TPMT Poor Metabolizer,Abnormal/Priority/High Risk
*4/*15,n/a,TPMT Poor Metabolizer,Abnormal/Priority/High Risk
*4/*16,n/a,TPMT Possible Intermediate Metabolizer,Abnormal/Priority/High Risk
*4/*17,n/a,TPMT Possible Intermediate Metabolizer,Abnormal/Priority/High Risk
*4/*18,n/a,TPMT Possible Intermediate Metabolizer,Abnormal/Priority/High Risk
*4/*19,n/a,TPMT Possible Intermediate Metabolizer,Abnormal/Priority/High Risk
*4/*20,n/a,TPMT Possible Intermediate Metabolizer,Abnormal/Priority/High Risk
*4/*21,n/a,TPMT Possible Intermediate Metabolizer,Abnormal/Priority/High Risk
*4/*22,n/a,TPMT Possible Intermediate Metabolizer,Abnormal/Priority/High Risk
*4/*23,n/a,TPMT Poor Metabolizer,Abnormal/Priority/High Risk
*4/*24,n/a,TPMT Possible Intermediate Metabolizer,Abnormal/Priority/High Risk
*4/*25,n/a,TPMT Possible Intermediate Metabolizer,Abnormal/Priority/High Risk
*4/*26,n/a,TPMT Possible Intermediate Metabolizer,Abnormal/Priority/High Risk
*4/*27,n/a,TPMT Possible Intermediate Metabolizer,Abnormal/Priority/High Risk
*4/*28,n/a,TPMT Possible Intermediate Metabolizer,Abnormal/Priority/High Risk
*4/*29,n/a,TPMT Poor Metabolizer,Abnormal/Priority/High Risk
*4/*30,n/a,TPMT Possible Intermediate Metabolizer,Abnormal/Priority/High Risk
*4/*31,n/a,TPMT Possible Intermediate Metabolizer,Abnormal/Priority/High Risk
*4/*32,n/a,TPMT Possible Intermediate Metabolizer,Abnormal/Priority/High Risk
*4/*33,n/a,TPMT Possible Intermediate Metabolizer,Abnormal/Priority/High Risk
*4/*34,n/a,TPMT Possible Intermediate Metabolizer,Abnormal/Priority/High Risk
*4/*35,n/a,TPMT Possible Intermediate Metabolizer,Abnormal/Priority/High Risk
*4/*36,n/a,TPMT Possible Intermediate Metabolizer,Abnormal/Priority/High Risk
*4/*37,n/a,TPMT Possible Intermediate Metabolizer,Abnormal/Priority/High Risk
*4/*38,n/a,TPMT Possible Intermediate Metabolizer,Abnormal/Priority/High Risk
*4/*39,n/a,TPMT Possible Intermediate Metabolizer,Abnormal/Priority/High Risk
*4/*40,n/a,TPMT Possible Intermediate Metabolizer,Abnormal/Priority/High Risk
*4/*41,n/a,TPMT Poor Metabolizer,Abnormal/Priority/High Risk
*5/*5,n/a,TPMT Indeterminate,None
*5/*6,n/a,TPMT Indeterminate,None
*5/*7,n/a,TPMT Indeterminate,None
*5/*8,n/a,TPMT Indeterminate,None
*5/*9,n/a,TPMT Indeterminate,None
*5/*10,n/a,TPMT Indeterminate,None
*5/*11,n/a,TPMT Possible Intermediate Metabolizer,Abnormal/Priority/High Risk
*5/*12,n/a,TPMT Indeterminate,None
*5/*13,n/a,TPMT Indeterminate,None
*5/*14,n/a,TPMT Possible Intermediate Metabolizer,Abnormal/Priority/High Risk
*5/*15,n/a,TPMT Possible Intermediate Metabolizer,Abnormal/Priority/High Risk
*5/*16,n/a,TPMT Indeterminate,None
*5/*17,n/a,TPMT Indeterminate,None
*5/*18,n/a,TPMT Indeterminate,None
*5/*19,n/a,TPMT Indeterminate,None
*5/*20,n/a,TPMT Indeterminate,None
*5/*21,n/a,TPMT Indeterminate,None
*5/*22,n/a,TPMT Indeterminate,None
*5/*23,n/a,TPMT Possible Intermediate Metabolizer,Abnormal/Priority/High Risk
*5/*24,n/a,TPMT Indeterminate,None
*5/*25,n/a,TPMT Indeterminate,None
*5/*26,n/a,TPMT Indeterminate,None
*5/*27,n/a,TPMT Indeterminate,None
*5/*28,n/a,TPMT Indeterminate,None
*5/*29,n/a,TPMT Possible Intermediate Metabolizer,Abnormal/Priority/High Risk
*5/*30,n/a,TPMT Indeterminate,None
*5/*31,n/a,TPMT Indeterminate,None
*5/*32,n/a,TPMT Indeterminate,None
*5/*33,n/a,TPMT Indeterminate,None
*5/*34,n/a,TPMT Indeterminate,None
*5/*35,n/a,TPMT Indeterminate,None
*5/*36,n/a,TPMT Indeterminate,None
*5/*37,n/a,TPMT Indeterminate,None
*5/*38,n/a,TPMT Indeterminate,None
*5/*39,n/a,TPMT Indeterminate,None
*5/*40,n/a,TPMT Indeterminate,None
*5/*41,n/a,TPMT Possible Intermediate Metabolizer,Abnormal/Priority/High Risk
*6/*6,n/a,TPMT Indeterminate,None
*6/*7,n/a,TPMT Indeterminate,None
*6/*8,n/a,TPMT Indeterminate,None
*6/*9,n/a,TPMT Indeterminate,None
*6/*10,n/a,TPMT Indeterminate,None
*6/*11,n/a,TPMT Possible Intermediate Metabolizer,Abnormal/Priority/High Risk
*6/*12,n/a,TPMT Indeterminate,None
*6/*13,n/a,TPMT Indeterminate,None
*6/*14,n/a,TPMT Possible Intermediate Metabolizer,Abnormal/Priority/High Risk
*6/*15,n/a,TPMT Possible Intermediate Metabolizer,Abnormal/Priority/High Risk
*6/*16,n/a,TPMT Indeterminate,None
*6/*17,n/a,TPMT Indeterminate,None
*6/*18,n/a,TPMT Indeterminate,None
*6/*19,n/a,TPMT Indeterminate,None
*6/*20,n/a,TPMT Indeterminate,None
*6/*21,n/a,TPMT Indeterminate,None
*6/*22,n/a,TPMT Indeterminate,None
*6/*23,n/a,TPMT Possible Intermediate Metabolizer,Abnormal/Priority/High Risk
*6/*24,n/a,TPMT Indeterminate,None
*6/*25,n/a,TPMT Indeterminate,None
*6/*26,n/a,TPMT Indeterminate,None
*6/*27,n/a,TPMT Indeterminate,None
*6/*28,n/a,TPMT Indeterminate,None
*6/*29,n/a,TPMT Possible Intermediate Metabolizer,Abnormal/Priority/High Risk
*6/*30,n/a,TPMT Indeterminate,None
*6/*31,n/a,TPMT Indeterminate,None
*6/*32,n/a,TPMT Indeterminate,None
*6/*33,n/a,TPMT Indeterminate,None
*6/*34,n/a,TPMT Indeterminate,None
*6/*35,n/a,TPMT Indeterminate,None
*6/*36,n/a,TPMT Indeterminate,None
*6/*37,n/a,TPMT Indeterminate,None
*6/*38,n/a,TPMT Indeterminate,None
*6/*39,n/a,TPMT Indeterminate,None
*6/*40,n/a,TPMT Indeterminate,None
*6/*41,n/a,TPMT Possible Intermediate Metabolizer,Abnormal/Priority/High Risk
*7/*7,n/a,TPMT Indeterminate,None
*7/*8,n/a,TPMT Indeterminate,None
*7/*9,n/a,TPMT Indeterminate,None
*7/*10,n/a,TPMT Indeterminate,None
*7/*11,n/a,TPMT Possible Intermediate Metabolizer,Abnormal/Priority/High Risk
*7/*12,n/a,TPMT Indeterminate,None
*7/*13,n/a,TPMT Indeterminate,None
*7/*14,n/a,TPMT Possible Intermediate Metabolizer,Abnormal/Priority/High Risk
*7/*15,n/a,TPMT Possible Intermediate Metabolizer,Abnormal/Priority/High Risk
*7/*16,n/a,TPMT Indeterminate,None
*7/*17,n/a,TPMT Indeterminate,None
*7/*18,n/a,TPMT Indeterminate,None
*7/*19,n/a,TPMT Indeterminate,None
*7/*20,n/a,TPMT Indeterminate,None
*7/*21,n/a,TPMT Indeterminate,None
*7/*22,n/a,TPMT Indeterminate,None
*7/*23,n/a,TPMT Possible Intermediate Metabolizer,Abnormal/Priority/High Risk
*7/*24,n/a,TPMT Indeterminate,None
*7/*25,n/a,TPMT Indeterminate,None
*7/*26,n/a,TPMT Indeterminate,None
*7/*27,n/a,TPMT Indeterminate,None
*7/*28,n/a,TPMT Indeterminate,None
*7/*29,n/a,TPMT Possible Intermediate Metabolizer,Abnormal/Priority/High Risk
*7/*30,n/a,TPMT Indeterminate,None
*7/*31,n/a,TPMT Indeterminate,None
*7/*32,n/a,TPMT Indeterminate,None
*7/*33,n/a,TPMT Indeterminate,None
*7/*34,n/a,TPMT Indeterminate,None
*7/*35,n/a,TPMT Indeterminate,None
*7/*36,n/a,TPMT Indeterminate,None
*7/*37,n/a,TPMT Indeterminate,None
*7/*38,n/a,TPMT Indeterminate,None
*7/*39,n/a,TPMT Indeterminate,None
*7/*40,n/a,TPMT Indeterminate,None
*7/*41,n/a,TPMT Possible Intermediate Metabolizer,Abnormal/Priority/High Risk
*8/*8,n/a,TPMT Indeterminate,None
*8/*9,n/a,TPMT Indeterminate,None
*8/*10,n/a,TPMT Indeterminate,None
*8/*11,n/a,TPMT Possible Intermediate Metabolizer,Abnormal/Priority/High Risk
*8/*12,n/a,TPMT Indeterminate,None
*8/*13,n/a,TPMT Indeterminate,None
*8/*14,n/a,TPMT Possible Intermediate Metabolizer,Abnormal/Priority/High Risk
*8/*15,n/a,TPMT Possible Intermediate Metabolizer,Abnormal/Priority/High Risk
*8/*16,n/a,TPMT Indeterminate,None
*8/*17,n/a,TPMT Indeterminate,None
*8/*18,n/a,TPMT Indeterminate,None
*8/*19,n/a,TPMT Indeterminate,None
*8/*20,n/a,TPMT Indeterminate,None
*8/*21,n/a,TPMT Indeterminate,None
*8/*22,n/a,TPMT Indeterminate,None
*8/*23,n/a,TPMT Possible Intermediate Metabolizer,Abnormal/Priority/High Risk
*8/*24,n/a,TPMT Indeterminate,None
*8/*25,n/a,TPMT Indeterminate,None
*8/*26,n/a,TPMT Indeterminate,None
*8/*27,n/a,TPMT Indeterminate,None
*8/*28,n/a,TPMT Indeterminate,None
*8/*29,n/a,TPMT Possible Intermediate Metabolizer,Abnormal/Priority/High Risk
*8/*30,n/a,TPMT Indeterminate,None
*8/*31,n/a,TPMT Indeterminate,None
*8/*32,n/a,TPMT Indeterminate,None
*8/*33,n/a,TPMT Indeterminate,None
*8/*34,n/a,TPMT Indeterminate,None
*8/*35,n/a,TPMT Indeterminate,None
*8/*36,n/a,TPMT Indeterminate,None
*8/*37,n/a,TPMT Indeterminate,None
*8/*38,n/a,TPMT Indeterminate,None
*8/*39,n/a,TPMT Indeterminate,None
*8/*40,n/a,TPMT Indeterminate,None
*8/*41,n/a,TPMT Possible Intermediate Metabolizer,Abnormal/Priority/High Risk
*9/*9,n/a,TPMT Indeterminate,None
*9/*10,n/a,TPMT Indeterminate,None
*9/*11,n/a,TPMT Possible Intermediate Metabolizer,Abnormal/Priority/High Risk
*9/*12,n/a,TPMT Indeterminate,None
*9/*13,n/a,TPMT Indeterminate,None
*9/*14,n/a,TPMT Possible Intermediate Metabolizer,Abnormal/Priority/High Risk
*9/*15,n/a,TPMT Possible Intermediate Metabolizer,Abnormal/Priority/High Risk
*9/*16,n/a,TPMT Indeterminate,None
*9/*17,n/a,TPMT Indeterminate,None
*9/*18,n/a,TPMT Indeterminate,None
*9/*19,n/a,TPMT Indeterminate,None
*9/*20,n/a,TPMT Indeterminate,None
*9/*21,n/a,TPMT Indeterminate,None
*9/*22,n/a,TPMT Indeterminate,None
*9/*23,n/a,TPMT Possible Intermediate Metabolizer,Abnormal/Priority/High Risk
*9/*24,n/a,TPMT Indeterminate,None
*9/*25,n/a,TPMT Indeterminate,None
*9/*26,n/a,TPMT Indeterminate,None
*9/*27,n/a,TPMT Indeterminate,None
*9/*28,n/a,TPMT Indeterminate,None
*9/*29,n/a,TPMT Possible Intermediate Metabolizer,Abnormal/Priority/High Risk
*9/*30,n/a,TPMT Indeterminate,None
*9/*31,n/a,TPMT Indeterminate,None
*9/*32,n/a,TPMT Indeterminate,None
*9/*33,n/a,TPMT Indeterminate,None
*9/*34,n/a,TPMT Indeterminate,None
*9/*35,n/a,TPMT Indeterminate,None
*9/*36,n/a,TPMT Indeterminate,None
*9/*37,n/a,TPMT Indeterminate,None
*9/*38,n/a,TPMT Indeterminate,None
*9/*39,n/a,TPMT Indeterminate,None
*9/*40,n/a,TPMT Indeterminate,None
*9/*41,n/a,TPMT Possible Intermediate Metabolizer,Abnormal/Priority/High Risk
*10/*10,n/a,TPMT Indeterminate,None
*10/*11,n/a,TPMT Possible Intermediate Metabolizer,Abnormal/Priority/High Risk
*10/*12,n/a,TPMT Indeterminate,None
*10/*13,n/a,TPMT Indeterminate,None
*10/*14,n/a,TPMT Possible Intermediate Metabolizer,Abnormal/Priority/High Risk
*10/*15,n/a,TPMT Possible Intermediate Metabolizer,Abnormal/Priority/High Risk
*10/*16,n/a,TPMT Indeterminate,None
*10/*17,n/a,TPMT Indeterminate,None
*10/*18,n/a,TPMT Indeterminate,None
*10/*19,n/a,TPMT Indeterminate,None
*10/*20,n/a,TPMT Indeterminate,None
*10/*21,n/a,TPMT Indeterminate,None
*10/*22,n/a,TPMT Indeterminate,None
*10/*23,n/a,TPMT Possible Intermediate Metabolizer,Abnormal/Priority/High Risk
*10/*24,n/a,TPMT Indeterminate,None
*10/*25,n/a,TPMT Indeterminate,None
*10/*26,n/a,TPMT Indeterminate,None
*10/*27,n/a,TPMT Indeterminate,None
*10/*28,n/a,TPMT Indeterminate,None
*10/*29,n/a,TPMT Possible Intermediate Metabolizer,Abnormal/Priority/High Risk
*10/*30,n/a,TPMT Indeterminate,None
*10/*31,n/a,TPMT Indeterminate,None
*10/*32,n/a,TPMT Indeterminate,None
*10/*33,n/a,TPMT Indeterminate,None
*10/*34,n/a,TPMT Indeterminate,None
*10/*35,n/a,TPMT Indeterminate,None
*10/*36,n/a,TPMT Indeterminate,None
*10/*37,n/a,TPMT Indeterminate,None
*10/*38,n/a,TPMT Indeterminate,None
*10/*39,n/a,TPMT Indeterminate,None
*10/*40,n/a,TPMT Indeterminate,None
*10/*41,n/a,TPMT Possible Intermediate Metabolizer,Abnormal/Priority/High Risk
*11/*11,n/a,TPMT Poor Metabolizer,Abnormal/Priority/High Risk
*11/*12,n/a,TPMT Possible Intermediate Metabolizer,Abnormal/Priority/High Risk
*11/*13,n/a,TPMT Possible Intermediate Metabolizer,Abnormal/Priority/High Risk
*11/*14,n/a,TPMT Poor Metabolizer,Abnormal/Priority/High Risk
*11/*15,n/a,TPMT Poor Metabolizer,Abnormal/Priority/High Risk
*11/*16,n/a,TPMT Possible Intermediate Metabolizer,Abnormal/Priority/High Risk
*11/*17,n/a,TPMT Possible Intermediate Metabolizer,Abnormal/Priority/High Risk
*11/*18,n/a,TPMT Possible Intermediate Metabolizer,Abnormal/Priority/High Risk
*11/*19,n/a,TPMT Possible Intermediate Metabolizer,Abnormal/Priority/High Risk
*11/*20,n/a,TPMT Possible Intermediate Metabolizer,Abnormal/Priority/High Risk
*11/*21,n/a,TPMT Possible Intermediate Metabolizer,Abnormal/Priority/High Risk
*11/*22,n/a,TPMT Possible Intermediate Metabolizer,Abnormal/Priority/High Risk
*11/*23,n/a,TPMT Poor Metabolizer,Abnormal/Priority/High Risk
*11/*24,n/a,TPMT Possible Intermediate Metabolizer,Abnormal/Priority/High Risk
*11/*25,n/a,TPMT Possible Intermediate Metabolizer,Abnormal/Priority/High Risk
*11/*26,n/a,TPMT Possible Intermediate Metabolizer,Abnormal/Priority/High Risk
*11/*27,n/a,TPMT Possible Intermediate Metabolizer,Abnormal/Priority/High Risk
*11/*28,n/a,TPMT Possible Intermediate Metabolizer,Abnormal/Priority/High Risk
*11/*29,n/a,TPMT Poor Metabolizer,Abnormal/Priority/High Risk
*11/*30,n/a,TPMT Possible Intermediate Metabolizer,Abnormal/Priority/High Risk
*11/*31,n/a,TPMT Possible Intermediate Metabolizer,Abnormal/Priority/High Risk
*11/*32,n/a,TPMT Possible Intermediate Metabolizer,Abnormal/Priority/High Risk
*11/*33,n/a,TPMT Possible Intermediate Metabolizer,Abnormal/Priority/High Risk
*11/*34,n/a,TPMT Possible Intermediate Metabolizer,Abnormal/Priority/High Risk
*11/*35,n/a,TPMT Possible Intermediate Metabolizer,Abnormal/Priority/High Risk
*11/*36,n/a,TPMT Possible Intermediate Metabolizer,Abnormal/Priority/High Risk
*11/*37,n/a,TPMT Possible Intermediate Metabolizer,Abnormal/Priority/High Risk
*11/*38,n/a,TPMT Possible Intermediate Metabolizer,Abnormal/Priority/High Risk
*11/*39,n/a,TPMT Possible Intermediate Metabolizer,Abnormal/Priority/High Risk
*11/*40,n/a,TPMT Possible Intermediate Metabolizer,Abnormal/Priority/High Risk
*11/*41,n/a,TPMT Poor Metabolizer,Abnormal/Priority/High Risk
*12/*12,n/a,TPMT Indeterminate,None
*12/*13,n/a,TPMT Indeterminate,None
*12/*14,n/a,TPMT Possible Intermediate Metabolizer,Abnormal/Priority/High Risk
*12/*15,n/a,TPMT Possible Intermediate Metabolizer,Abnormal/Priority/High Risk
*12/*16,n/a,TPMT Indeterminate,None
*12/*17,n/a,TPMT Indeterminate,None
*12/*18,n/a,TPMT Indeterminate,None
*12/*19,n/a,TPMT Indeterminate,None
*12/*20,n/a,TPMT Indeterminate,None
*12/*21,n/a,TPMT Indeterminate,None
*12/*22,n/a,TPMT Indeterminate,None
*12/*23,n/a,TPMT Possible Intermediate Metabolizer,Abnormal/Priority/High Risk
*12/*24,n/a,TPMT Indeterminate,None
*12/*25,n/a,TPMT Indeterminate,None
*12/*26,n/a,TPMT Indeterminate,None
*12/*27,n/a,TPMT Indeterminate,None
*12/*28,n/a,TPMT Indeterminate,None
*12/*29,n/a,TPMT Possible Intermediate Metabolizer,Abnormal/Priority/High Risk
*12/*30,n/a,TPMT Indeterminate,None
*12/*31,n/a,TPMT Indeterminate,None
*12/*32,n/a,TPMT Indeterminate,None
*12/*33,n/a,TPMT Indeterminate,None
*12/*34,n/a,TPMT Indeterminate,None
*12/*35,n/a,TPMT Indeterminate,None
*12/*36,n/a,TPMT Indeterminate,None
*12/*37,n/a,TPMT Indeterminate,None
*12/*38,n/a,TPMT Indeterminate,None
*12/*39,n/a,TPMT Indeterminate,None
*12/*40,n/a,TPMT Indeterminate,None
*12/*41,n/a,TPMT Possible Intermediate Metabolizer,Abnormal/Priority/High Risk
*13/*13,n/a,TPMT Indeterminate,None
*13/*14,n/a,TPMT Possible Intermediate Metabolizer,Abnormal/Priority/High Risk
*13/*15,n/a,TPMT Possible Intermediate Metabolizer,Abnormal/Priority/High Risk
*13/*16,n/a,TPMT Indeterminate,None
*13/*17,n/a,TPMT Indeterminate,None
*13/*18,n/a,TPMT Indeterminate,None
*13/*19,n/a,TPMT Indeterminate,None
*13/*20,n/a,TPMT Indeterminate,None
*13/*21,n/a,TPMT Indeterminate,None
*13/*22,n/a,TPMT Indeterminate,None
*13/*23,n/a,TPMT Possible Intermediate Metabolizer,Abnormal/Priority/High Risk
*13/*24,n/a,TPMT Indeterminate,None
*13/*25,n/a,TPMT Indeterminate,None
*13/*26,n/a,TPMT Indeterminate,None
*13/*27,n/a,TPMT Indeterminate,None
*13/*28,n/a,TPMT Indeterminate,None
*13/*29,n/a,TPMT Possible Intermediate Metabolizer,Abnormal/Priority/High Risk
*13/*30,n/a,TPMT Indeterminate,None
*13/*31,n/a,TPMT Indeterminate,None
*13/*32,n/a,TPMT Indeterminate,None
*13/*33,n/a,TPMT Indeterminate,None
*13/*34,n/a,TPMT Indeterminate,None
*13/*35,n/a,TPMT Indeterminate,None
*13/*36,n/a,TPMT Indeterminate,None
*13/*37,n/a,TPMT Indeterminate,None
*13/*38,n/a,TPMT Indeterminate,None
*13/*39,n/a,TPMT Indeterminate,None
*13/*40,n/a,TPMT Indeterminate,None
*13/*41,n/a,TPMT Possible Intermediate Metabolizer,Abnormal/Priority/High Risk
*14/*14,n/a,TPMT Poor Metabolizer,Abnormal/Priority/High Risk
*14/*15,n/a,TPMT Poor Metabolizer,Abnormal/Priority/High Risk
*14/*16,n/a,TPMT Possible Intermediate Metabolizer,Abnormal/Priority/High Risk
*14/*17,n/a,TPMT Possible Intermediate Metabolizer,Abnormal/Priority/High Risk
*14/*18,n/a,TPMT Possible Intermediate Metabolizer,Abnormal/Priority/High Risk
*14/*19,n/a,TPMT Possible Intermediate Metabolizer,Abnormal/Priority/High Risk
*14/*20,n/a,TPMT Possible Intermediate Metabolizer,Abnormal/Priority/High Risk
*14/*21,n/a,TPMT Possible Intermediate Metabolizer,Abnormal/Priority/High Risk
*14/*22,n/a,TPMT Possible Intermediate Metabolizer,Abnormal/Priority/High Risk
*14/*23,n/a,TPMT Poor Metabolizer,Abnormal/Priority/High Risk
*14/*24,n/a,TPMT Possible Intermediate Metabolizer,Abnormal/Priority/High Risk
*14/*25,n/a,TPMT Possible Intermediate Metabolizer,Abnormal/Priority/High Risk
*14/*26,n/a,TPMT Possible Intermediate Metabolizer,Abnormal/Priority/High Risk
*14/*27,n/a,TPMT Possible Intermediate Metabolizer,Abnormal/Priority/High Risk
*14/*28,n/a,TPMT Possible Intermediate Metabolizer,Abnormal/Priority/High Risk
*14/*29,n/a,TPMT Poor Metabolizer,Abnormal/Priority/High Risk
*14/*30,n/a,TPMT Possible Intermediate Metabolizer,Abnormal/Priority/High Risk
*14/*31,n/a,TPMT Possible Intermediate Metabolizer,Abnormal/Priority/High Risk
*14/*32,n/a,TPMT Possible Intermediate Metabolizer,Abnormal/Priority/High Risk
*14/*33,n/a,TPMT Possible Intermediate Metabolizer,Abnormal/Priority/High Risk
*14/*34,n/a,TPMT Possible Intermediate Metabolizer,Abnormal/Priority/High Risk
*14/*35,n/a,TPMT Possible Intermediate Metabolizer,Abnormal/Priority/High Risk
*14/*36,n/a,TPMT Possible Intermediate Metabolizer,Abnormal/Priority/High Risk
*14/*37,n/a,TPMT Possible Intermediate Metabolizer,Abnormal/Priority/High Risk
*14/*38,n/a,TPMT Possible Intermediate Metabolizer,Abnormal/Priority/High Risk
*14/*39,n/a,TPMT Possible Intermediate Metabolizer,Abnormal/Priority/High Risk
*14/*40,n/a,TPMT Possible Intermediate Metabolizer,Abnormal/Priority/High Risk
*14/*41,n/a,TPMT Poor Metabolizer,Abnormal/Priority/High Risk
*15/*15,n/a,TPMT Poor Metabolizer,Abnormal/Priority/High Risk
*15/*16,n/a,TPMT Possible Intermediate Metabolizer,Abnormal/Priority/High Risk
*15/*17,n/a,TPMT Possible Intermediate Metabolizer,Abnormal/Priority/High Risk
*15/*18,n/a,TPMT Possible Intermediate Metabolizer,Abnormal/Priority/High Risk
*15/*19,n/a,TPMT Possible Intermediate Metabolizer,Abnormal/Priority/High Risk
*15/*20,n/a,TPMT Possible Intermediate Metabolizer,Abnormal/Priority/High Risk
*15/*21,n/a,TPMT Possible Intermediate Metabolizer,Abnormal/Priority/High Risk
*15/*22,n/a,TPMT Possible Intermediate Metabolizer,Abnormal/Priority/High Risk
*15/*23,n/a,TPMT Poor Metabolizer,Abnormal/Priority/High Risk
*15/*24,n/a,TPMT Possible Intermediate Metabolizer,Abnormal/Priority/High Risk
*15/*25,n/a,TPMT Possible Intermediate Metabolizer,Abnormal/Priority/High Risk
*15/*26,n/a,TPMT Possible Intermediate Metabolizer,Abnormal/Priority/High Risk
*15/*27,n/a,TPMT Possible Intermediate Metabolizer,Abnormal/Priority/High Risk
*15/*28,n/a,TPMT Possible Intermediate Metabolizer,Abnormal/Priority/High Risk
*15/*29,n/a,TPMT Poor Metabolizer,Abnormal/Priority/High Risk
*15/*30,n/a,TPMT Possible Intermediate Metabolizer,Abnormal/Priority/High Risk
*15/*31,n/a,TPMT Possible Intermediate Metabolizer,Abnormal/Priority/High Risk
*15/*32,n/a,TPMT Possible Intermediate Metabolizer,Abnormal/Priority/High Risk
*15/*33,n/a,TPMT Possible Intermediate Metabolizer,Abnormal/Priority/High Risk
*15/*34,n/a,TPMT Possible Intermediate Metabolizer,Abnormal/Priority/High Risk
*15/*35,n/a,TPMT Possible Intermediate Metabolizer,Abnormal/Priority/High Risk
*15/*36,n/a,TPMT Possible Intermediate Metabolizer,Abnormal/Priority/High Risk
*15/*37,n/a,TPMT Possible Intermediate Metabolizer,Abnormal/Priority/High Risk
*15/*38,n/a,TPMT Possible Intermediate Metabolizer,Abnormal/Priority/High Risk
*15/*39,n/a,TPMT Possible Intermediate Metabolizer,Abnormal/Priority/High Risk
*15/*40,n/a,TPMT Possible Intermediate Metabolizer,Abnormal/Priority/High Risk
*15/*41,n/a,TPMT Poor Metabolizer,Abnormal/Priority/High Risk
*16/*16,n/a,TPMT Indeterminate,None
*16/*17,n/a,TPMT Indeterminate,None
*16/*18,n/a,TPMT Indeterminate,None
*16/*19,n/a,TPMT Indeterminate,None
*16/*20,n/a,TPMT Indeterminate,None
*16/*21,n/a,TPMT Indeterminate,None
*16/*22,n/a,TPMT Indeterminate,None
*16/*23,n/a,TPMT Possible Intermediate Metabolizer,Abnormal/Priority/High Risk
*16/*24,n/a,TPMT Indeterminate,None
*16/*25,n/a,TPMT Indeterminate,None
*16/*26,n/a,TPMT Indeterminate,None
*16/*27,n/a,TPMT Indeterminate,None
*16/*28,n/a,TPMT Indeterminate,None
*16/*29,n/a,TPMT Possible Intermediate Metabolizer,Abnormal/Priority/High Risk
*16/*30,n/a,TPMT Indeterminate,None
*16/*31,n/a,TPMT Indeterminate,None
*16/*32,n/a,TPMT Indeterminate,None
*16/*33,n/a,TPMT Indeterminate,None
*16/*34,n/a,TPMT Indeterminate,None
*16/*35,n/a,TPMT Indeterminate,None
*16/*36,n/a,TPMT Indeterminate,None
*16/*37,n/a,TPMT Indeterminate,None
*16/*38,n/a,TPMT Indeterminate,None
*16/*39,n/a,TPMT Indeterminate,None
*16/*40,n/a,TPMT Indeterminate,None
*16/*41,n/a,TPMT Possible Intermediate Metabolizer,Abnormal/Priority/High Risk
*17/*17,n/a,TPMT Indeterminate,None
*17/*18,n/a,TPMT Indeterminate,None
*17/*19,n/a,TPMT Indeterminate,None
*17/*20,n/a,TPMT Indeterminate,None
*17/*21,n/a,TPMT Indeterminate,None
*17/*22,n/a,TPMT Indeterminate,None
*17/*23,n/a,TPMT Possible Intermediate Metabolizer,Abnormal/Priority/High Risk
*17/*24,n/a,TPMT Indeterminate,None
*17/*25,n/a,TPMT Indeterminate,None
*17/*26,n/a,TPMT Indeterminate,None
*17/*27,n/a,TPMT Indeterminate,None
*17/*28,n/a,TPMT Indeterminate,None
*17/*29,n/a,TPMT Possible Intermediate Metabolizer,Abnormal/Priority/High Risk
*17/*30,n/a,TPMT Indeterminate,None
*17/*31,n/a,TPMT Indeterminate,None
*17/*32,n/a,TPMT Indeterminate,None
*17/*33,n/a,TPMT Indeterminate,None
*17/*34,n/a,TPMT Indeterminate,None
*17/*35,n/a,TPMT Indeterminate,None
*17/*36,n/a,TPMT Indeterminate,None
*17/*37,n/a,TPMT Indeterminate,None
*17/*38,n/a,TPMT Indeterminate,None
*17/*39,n/a,TPMT Indeterminate,None
*17/*40,n/a,TPMT Indeterminate,None
*17/*41,n/a,TPMT Possible Intermediate Metabolizer,Abnormal/Priority/High Risk
*18/*18,n/a,TPMT Indeterminate,None
*18/*19,n/a,TPMT Indeterminate,None
*18/*20,n/a,TPMT Indeterminate,None
*18/*21,n/a,TPMT Indeterminate,None
*18/*22,n/a,TPMT Indeterminate,None
*18/*23,n/a,TPMT Possible Intermediate Metabolizer,Abnormal/Priority/High Risk
*18/*24,n/a,TPMT Indeterminate,None
*18/*25,n/a,TPMT Indeterminate,None
*18/*26,n/a,TPMT Indeterminate,None
*18/*27,n/a,TPMT Indeterminate,None
*18/*28,n/a,TPMT Indeterminate,None
*18/*29,n/a,TPMT Possible Intermediate Metabolizer,Abnormal/Priority/High Risk
*18/*30,n/a,TPMT Indeterminate,None
*18/*31,n/a,TPMT Indeterminate,None
*18/*32,n/a,TPMT Indeterminate,None
*18/*33,n/a,TPMT Indeterminate,None
*18/*34,n/a,TPMT Indeterminate,None
*18/*35,n/a,TPMT Indeterminate,None
*18/*36,n/a,TPMT Indeterminate,None
*18/*37,n/a,TPMT Indeterminate,None
*18/*38,n/a,TPMT Indeterminate,None
*18/*39,n/a,TPMT Indeterminate,None
*18/*40,n/a,TPMT Indeterminate,None
*18/*41,n/a,TPMT Possible Intermediate Metabolizer,Abnormal/Priority/High Risk
*19/*19,n/a,TPMT Indeterminate,None
*19/*20,n/a,TPMT Indeterminate,None
*19/*21,n/a,TPMT Indeterminate,None
*19/*22,n/a,TPMT Indeterminate,None
*19/*23,n/a,TPMT Possible Intermediate Metabolizer,Abnormal/Priority/High Risk
*19/*24,n/a,TPMT Indeterminate,None
*19/*25,n/a,TPMT Indeterminate,None
*19/*26,n/a,TPMT Indeterminate,None
*19/*27,n/a,TPMT Indeterminate,None
*19/*28,n/a,TPMT Indeterminate,None
*19/*29,n/a,TPMT Possible Intermediate Metabolizer,Abnormal/Priority/High Risk
*19/*30,n/a,TPMT Indeterminate,None
*19/*31,n/a,TPMT Indeterminate,None
*19/*32,n/a,TPMT Indeterminate,None
*19/*33,n/a,TPMT Indeterminate,None
*19/*34,n/a,TPMT Indeterminate,None
*19/*35,n/a,TPMT Indeterminate,None
*19/*36,n/a,TPMT Indeterminate,None
*19/*37,n/a,TPMT Indeterminate,None
*19/*38,n/a,TPMT Indeterminate,None
*19/*39,n/a,TPMT Indeterminate,None
*19/*40,n/a,TPMT Indeterminate,None
*19/*41,n/a,TPMT Possible Intermediate Metabolizer,Abnormal/Priority/High Risk
*20/*20,n/a,TPMT Indeterminate,None
*20/*21,n/a,TPMT Indeterminate,None
*20/*22,n/a,TPMT Indeterminate,None
*20/*23,n/a,TPMT Possible Intermediate Metabolizer,Abnormal/Priority/High Risk
*20/*24,n/a,TPMT Indeterminate,None
*20/*25,n/a,TPMT Indeterminate,None
*20/*26,n/a,TPMT Indeterminate,None
*20/*27,n/a,TPMT Indeterminate,None
*20/*28,n/a,TPMT Indeterminate,None
*20/*29,n/a,TPMT Possible Intermediate Metabolizer,Abnormal/Priority/High Risk
*20/*30,n/a,TPMT Indeterminate,None
*20/*31,n/a,TPMT Indeterminate,None
*20/*32,n/a,TPMT Indeterminate,None
*20/*33,n/a,TPMT Indeterminate,None
*20/*34,n/a,TPMT Indeterminate,None
*20/*35,n/a,TPMT Indeterminate,None
*20/*36,n/a,TPMT Indeterminate,None
*20/*37,n/a,TPMT Indeterminate,None
*20/*38,n/a,TPMT Indeterminate,None
*20/*39,n/a,TPMT Indeterminate,None
*20/*40,n/a,TPMT Indeterminate,None
*20/*41,n/a,TPMT Possible Intermediate Metabolizer,Abnormal/Priority/High Risk
*21/*21,n/a,TPMT Indeterminate,None
*21/*22,n/a,TPMT Indeterminate,None
*21/*23,n/a,TPMT Possible Intermediate Metabolizer,Abnormal/Priority/High Risk
*21/*24,n/a,TPMT Indeterminate,None
*21/*25,n/a,TPMT Indeterminate,None
*21/*26,n/a,TPMT Indeterminate,None
*21/*27,n/a,TPMT Indeterminate,None
*21/*28,n/a,TPMT Indeterminate,None
*21/*29,n/a,TPMT Possible Intermediate Metabolizer,Abnormal/Priority/High Risk
*21/*30,n/a,TPMT Indeterminate,None
*21/*31,n/a,TPMT Indeterminate,None
*21/*32,n/a,TPMT Indeterminate,None
*21/*33,n/a,TPMT Indeterminate,None
*21/*34,n/a,TPMT Indeterminate,None
*21/*35,n/a,TPMT Indeterminate,None
*21/*36,n/a,TPMT Indeterminate,None
*21/*37,n/a,TPMT Indeterminate,None
*21/*38,n/a,TPMT Indeterminate,None
*21/*39,n/a,TPMT Indeterminate,None
*21/*40,n/a,TPMT Indeterminate,None
*21/*41,n/a,TPMT Possible Intermediate Metabolizer,Abnormal/Priority/High Risk
*22/*22,n/a,TPMT Indeterminate,None
*22/*23,n/a,TPMT Possible Intermediate Metabolizer,Abnormal/Priority/High Risk
*22/*24,n/a,TPMT Indeterminate,None
*22/*25,n/a,TPMT Indeterminate,None
*22/*26,n/a,TPMT Indeterminate,None
*22/*27,n/a,TPMT Indeterminate,None
*22/*28,n/a,TPMT Indeterminate,None
*22/*29,n/a,TPMT Possible Intermediate Metabolizer,Abnormal/Priority/High Risk
*22/*30,n/a,TPMT Indeterminate,None
*22/*31,n/a,TPMT Indeterminate,None
*22/*32,n/a,TPMT Indeterminate,None
*22/*33,n/a,TPMT Indeterminate,None
*22/*34,n/a,TPMT Indeterminate,None
*22/*35,n/a,TPMT Indeterminate,None
*22/*36,n/a,TPMT Indeterminate,None
*22/*37,n/a,TPMT Indeterminate,None
*22/*38,n/a,TPMT Indeterminate,None
*22/*39,n/a,TPMT Indeterminate,None
*22/*40,n/a,TPMT Indeterminate,None
*22/*41,n/a,TPMT Possible Intermediate Metabolizer,Abnormal/Priority/High Risk
*23/*23,n/a,TPMT Poor Metabolizer,Abnormal/Priority/High Risk
*23/*24,n/a,TPMT Possible Intermediate Metabolizer,Abnormal/Priority/High Risk
*23/*25,n/a,TPMT Possible Intermediate Metabolizer,Abnormal/Priority/High Risk
*23/*26,n/a,TPMT Possible Intermediate Metabolizer,Abnormal/Priority/High Risk
*23/*27,n/a,TPMT Possible Intermediate Metabolizer,Abnormal/Priority/High Risk
*23/*28,n/a,TPMT Possible Intermediate Metabolizer,Abnormal/Priority/High Risk
*23/*29,n/a,TPMT Poor Metabolizer,Abnormal/Priority/High Risk
*23/*30,n/a,TPMT Possible Intermediate Metabolizer,Abnormal/Priority/High Risk
*23/*31,n/a,TPMT Possible Intermediate Metabolizer,Abnormal/Priority/High Risk
*23/*32,n/a,TPMT Possible Intermediate Metabolizer,Abnormal/Priority/High Risk
*23/*33,n/a,TPMT Possible Intermediate Metabolizer,Abnormal/Priority/High Risk
*23/*34,n/a,TPMT Possible Intermediate Metabolizer,Abnormal/Priority/High Risk
*23/*35,n/a,TPMT Possible Intermediate Metabolizer,Abnormal/Priority/High Risk
*23/*36,n/a,TPMT Possible Intermediate Metabolizer,Abnormal/Priority/High Risk
*23/*37,n/a,TPMT Possible Intermediate Metabolizer,Abnormal/Priority/High Risk
*23/*38,n/a,TPMT Possible Intermediate Metabolizer,Abnormal/Priority/High Risk
*23/*39,n/a,TPMT Possible Intermediate Metabolizer,Abnormal/Priority/High Risk
*23/*40,n/a,TPMT Possible Intermediate Metabolizer,Abnormal/Priority/High Risk
*23/*41,n/a,TPMT Poor Metabolizer,Abnormal/Priority/High Risk
*24/*24,n/a,TPMT Indeterminate,None
*24/*25,n/a,TPMT Indeterminate,None
*24/*26,n/a,TPMT Indeterminate,None
*24/*27,n/a,TPMT Indeterminate,None
*24/*28,n/a,TPMT Indeterminate,None
*24/*29,n/a,TPMT Possible Intermediate Metabolizer,Abnormal/Priority/High Risk
*24/*30,n/a,TPMT Indeterminate,None
*24/*31,n/a,TPMT Indeterminate,None
*24/*32,n/a,TPMT Indeterminate,None
*24/*33,n/a,TPMT Indeterminate,None
*24/*34,n/a,TPMT Indeterminate,None
*24/*35,n/a,TPMT Indeterminate,None
*24/*36,n/a,TPMT Indeterminate,None
*24/*37,n/a,TPMT Indeterminate,None
*24/*38,n/a,TPMT Indeterminate,None
*24/*39,n/a,TPMT Indeterminate,None
*24/*40,n/a,TPMT Indeterminate,None
*24/*41,n/a,TPMT Possible Intermediate Metabolizer,Abnormal/Priority/High Risk
*25/*25,n/a,TPMT Indeterminate,None
*25/*26,n/a,TPMT Indeterminate,None
*25/*27,n/a,TPMT Indeterminate,None
*25/*28,n/a,TPMT Indeterminate,None
*25/*29,n/a,TPMT Possible Intermediate Metabolizer,Abnormal/Priority/High Risk
*25/*30,n/a,TPMT Indeterminate,None
*25/*31,n/a,TPMT Indeterminate,None
*25/*32,n/a,TPMT Indeterminate,None
*25/*33,n/a,TPMT Indeterminate,None
*25/*34,n/a,TPMT Indeterminate,None
*25/*35,n/a,TPMT Indeterminate,None
*25/*36,n/a,TPMT Indeterminate,None
*25/*37,n/a,TPMT Indeterminate,None
*25/*38,n/a,TPMT Indeterminate,None
*25/*39,n/a,TPMT Indeterminate,None
*25/*40,n/a,TPMT Indeterminate,None
*25/*41,n/a,TPMT Possible Intermediate Metabolizer,Abnormal/Priority/High Risk
*26/*26,n/a,TPMT Indeterminate,None
*26/*27,n/a,TPMT Indeterminate,None
*26/*28,n/a,TPMT Indeterminate,None
*26/*29,n/a,TPMT Possible Intermediate Metabolizer,Abnormal/Priority/High Risk
*26/*30,n/a,TPMT Indeterminate,None
*26/*31,n/a,TPMT Indeterminate,None
*26/*32,n/a,TPMT Indeterminate,None
*26/*33,n/a,TPMT Indeterminate,None
*26/*34,n/a,TPMT Indeterminate,None
*26/*35,n/a,TPMT Indeterminate,None
*26/*36,n/a,TPMT Indeterminate,None
*26/*37,n/a,TPMT Indeterminate,None
*26/*38,n/a,TPMT Indeterminate,None
*26/*39,n/a,TPMT Indeterminate,None
*26/*40,n/a,TPMT Indeterminate,None
*26/*41,n/a,TPMT Possible Intermediate Metabolizer,Abnormal/Priority/High Risk
*27/*27,n/a,TPMT Indeterminate,None
*27/*28,n/a,TPMT Indeterminate,None
*27/*29,n/a,TPMT Possible Intermediate Metabolizer,Abnormal/Priority/High Risk
*27/*30,n/a,TPMT Indeterminate,None
*27/*31,n/a,TPMT Indeterminate,None
*27/*32,n/a,TPMT Indeterminate,None
*27/*33,n/a,TPMT Indeterminate,None
*27/*34,n/a,TPMT Indeterminate,None
*27/*35,n/a,TPMT Indeterminate,None
*27/*36,n/a,TPMT Indeterminate,None
*27/*37,n/a,TPMT Indeterminate,None
*27/*38,n/a,TPMT Indeterminate,None
*27/*39,n/a,TPMT Indeterminate,None
*27/*40,n/a,TPMT Indeterminate,None
*27/*41,n/a,TPMT Possible Intermediate Metabolizer,Abnormal/Priority/High Risk
*28/*28,n/a,TPMT Indeterminate,None
*28/*29,n/a,TPMT Possible Intermediate Metabolizer,Abnormal/Priority/High Risk
*28/*30,n/a,TPMT Indeterminate,None
*28/*31,n/a,TPMT Indeterminate,None
*28/*32,n/a,TPMT Indeterminate,None
*28/*33,n/a,TPMT Indeterminate,None
*28/*34,n/a,TPMT Indeterminate,None
*28/*35,n/a,TPMT Indeterminate,None
*28/*36,n/a,TPMT Indeterminate,None
*28/*37,n/a,TPMT Indeterminate,None
*28/*38,n/a,TPMT Indeterminate,None
*28/*39,n/a,TPMT Indeterminate,None
*28/*40,n/a,TPMT Indeterminate,None
*28/*41,n/a,TPMT Possible Intermediate Metabolizer,Abnormal/Priority/High Risk
*29/*29,n/a,TPMT Poor Metabolizer,Abnormal/Priority/High Risk
*29/*30,n/a,TPMT Possible Intermediate Metabolizer,Abnormal/Priority/High Risk
*29/*31,n/a,TPMT Possible Intermediate Metabolizer,Abnormal/Priority/High Risk
*29/*32,n/a,TPMT Possible Intermediate Metabolizer,Abnormal/Priority/High Risk
*29/*33,n/a,TPMT Possible Intermediate Metabolizer,Abnormal/Priority/High Risk
*29/*34,n/a,TPMT Possible Intermediate Metabolizer,Abnormal/Priority/High Risk
*29/*35,n/a,TPMT Possible Intermediate Metabolizer,Abnormal/Priority/High Risk
*29/*36,n/a,TPMT Possible Intermediate Metabolizer,Abnormal/Priority/High Risk
*29/*37,n/a,TPMT Possible Intermediate Metabolizer,Abnormal/Priority/High Risk
*29/*38,n/a,TPMT Possible Intermediate Metabolizer,Abnormal/Priority/High Risk
*29/*39,n/a,TPMT Possible Intermediate Metabolizer,Abnormal/Priority/High Risk
*29/*40,n/a,TPMT Possible Intermediate Metabolizer,Abnormal/Priority/High Risk
*29/*41,n/a,TPMT Poor Metabolizer,Abnormal/Priority/High Risk
*30/*30,n/a,TPMT Indeterminate,None
*30/*31,n/a,TPMT Indeterminate,None
*30/*32,n/a,TPMT Indeterminate,None
*30/*33,n/a,TPMT Indeterminate,None
*30/*34,n/a,TPMT Indeterminate,None
*30/*35,n/a,TPMT Indeterminate,None
*30/*36,n/a,TPMT Indeterminate,None
*30/*37,n/a,TPMT Indeterminate,None
*30/*38,n/a,TPMT Indeterminate,None
*30/*39,n/a,TPMT Indeterminate,None
*30/*40,n/a,TPMT Indeterminate,None
*30/*41,n/a,TPMT Possible Intermediate Metabolizer,Abnormal/Priority/High Risk
*31/*31,n/a,TPMT Indeterminate,None
*31/*32,n/a,TPMT Indeterminate,None
*31/*33,n/a,TPMT Indeterminate,None
*31/*34,n/a,TPMT Indeterminate,None
*31/*35,n/a,TPMT Indeterminate,None
*31/*36,n/a,TPMT Indeterminate,None
*31/*37,n/a,TPMT Indeterminate,None
*31/*38,n/a,TPMT Indeterminate,None
*31/*39,n/a,TPMT Indeterminate,None
*31/*40,n/a,TPMT Indeterminate,None
*31/*41,n/a,TPMT Possible Intermediate Metabolizer,Abnormal/Priority/High Risk
*32/*32,n/a,TPMT Indeterminate,None
*32/*33,n/a,TPMT Indeterminate,None
*32/*34,n/a,TPMT Indeterminate,None
*32/*35,n/a,TPMT Indeterminate,None
*32/*36,n/a,TPMT Indeterminate,None
*32/*37,n/a,TPMT Indeterminate,None
*32/*38,n/a,TPMT Indeterminate,None
*32/*39,n/a,TPMT Indeterminate,None
*32/*40,n/a,TPMT Indeterminate,None
*32/*41,n/a,TPMT Possible Intermediate Metabolizer,Abnormal/Priority/High Risk
*33/*33,n/a,TPMT Indeterminate,None
*33/*34,n/a,TPMT Indeterminate,None
*33/*35,n/a,TPMT Indeterminate,None
*33/*36,n/a,TPMT Indeterminate,None
*33/*37,n/a,TPMT Indeterminate,None
*33/*38,n/a,TPMT Indeterminate,None
*33/*39,n/a,TPMT Indeterminate,None
*33/*40,n/a,TPMT Indeterminate,None
*33/*41,n/a,TPMT Possible Intermediate Metabolizer,Abnormal/Priority/High Risk
*34/*34,n/a,TPMT Indeterminate,None
*34/*35,n/a,TPMT Indeterminate,None
*34/*36,n/a,TPMT Indeterminate,None
*34/*37,n/a,TPMT Indeterminate,None
*34/*38,n/a,TPMT Indeterminate,None
*34/*39,n/a,TPMT Indeterminate,None
*34/*40,n/a,TPMT Indeterminate,None
*34/*41,n/a,TPMT Possible Intermediate Metabolizer,Abnormal/Priority/High Risk
*35/*35,n/a,TPMT Indeterminate,None
*35/*36,n/a,TPMT Indeterminate,None
*35/*37,n/a,TPMT Indeterminate,None
*35/*38,n/a,TPMT Indeterminate,None
*35/*39,n/a,TPMT Indeterminate,None
*35/*40,n/a,TPMT Indeterminate,None
*35/*41,n/a,TPMT Possible Intermediate Metabolizer,Abnormal/Priority/High Risk
*36/*36,n/a,TPMT Indeterminate,None
*36/*37,n/a,TPMT Indeterminate,None
*36/*38,n/a,TPMT Indeterminate,None
*36/*39,n/a,TPMT Indeterminate,None
*36/*40,n/a,TPMT Indeterminate,None
*36/*41,n/a,TPMT Possible Intermediate Metabolizer,Abnormal/Priority/High Risk
*37/*37,n/a,TPMT Indeterminate,None
*37/*38,n/a,TPMT Indeterminate,None
*37/*39,n/a,TPMT Indeterminate,None
*37/*40,n/a,TPMT Indeterminate,None
*37/*41,n/a,TPMT Possible Intermediate Metabolizer,Abnormal/Priority/High Risk
*38/*38,n/a,TPMT Indeterminate,None
*38/*39,n/a,TPMT Indeterminate,None
*38/*40,n/a,TPMT Indeterminate,None
*38/*41,n/a,TPMT Possible Intermediate Metabolizer,Abnormal/Priority/High Risk
*39/*39,n/a,TPMT Indeterminate,None
*39/*40,n/a,TPMT Indeterminate,None
*39/*41,n/a,TPMT Possible Intermediate Metabolizer,Abnormal/Priority/High Risk
*40/*40,n/a,TPMT Indeterminate,None
*40/*41,n/a,TPMT Possible Intermediate Metabolizer,Abnormal/Priority/High Risk
*41/*41,n/a,TPMT Poor Metabolizer,Abnormal/Priority/High Risk